Portal,Módulo,Título,URL
Documentos Eletrônicos,Documentos Eletronicos,Baixa automática de NF-es da SEFAZ (Distribuição de DF-es),https://documentacao.senior.com.br/documentoseletronicos/5.8.16/documentos-eletronicos/nfe/baixa-automatica-nf-e.htm
Documentos Eletrônicos,Documentos Eletronicos,Documentos eletrônicos,https://documentacao.senior.com.br/documentoseletronicos/5.8.16/documentos-eletronicos/documentos-eletronicos-capa.htm
Documentos Eletrônicos,Documentos Eletronicos,NF-e,https://documentacao.senior.com.br/documentoseletronicos/5.8.16/documentos-eletronicos/nfe/nfe-conceito.htm
Documentos Eletrônicos,Documentos Eletronicos,NFS-e,https://documentacao.senior.com.br/documentoseletronicos/5.8.16/documentos-eletronicos/nfse/nfse-conceito.htm
Documentos Eletrônicos,Documentos Eletronicos,Recebimento de NFS-e,https://documentacao.senior.com.br/documentoseletronicos/5.8.16/documentos-eletronicos/nfse/recebimento-nfse-conceito.htm
Documentos Eletrônicos,Documentos Eletronicos,Roteiro para configuração do OAuth2  – Microsoft,https://documentacao.senior.com.br/documentoseletronicos/5.8.16/documentos-eletronicos/protocolo-microsoft.htm
Documentos Eletrônicos,Documentos Eletronicos,Roteiro para configuração do OAuth2 - Gmail,https://documentacao.senior.com.br/documentoseletronicos/5.8.16/documentos-eletronicos/protocolo-gmail.htm
Documentos Eletrônicos,Guia Informativo,Ferramentas e verificações auxiliares,https://documentacao.senior.com.br/documentoseletronicos/5.8.16/guia-informativo/ferramentas-e-verificacoes-auxiliares-capa.htm
Documentos Eletrônicos,Home,Configurações,https://documentacao.senior.com.br/documentoseletronicos/5.8.16/home/home-configuracoes.htm
Documentos Eletrônicos,Home,Guia informativo,https://documentacao.senior.com.br/documentoseletronicos/5.8.16/home/home-guia-informativo.htm
Documentos Eletrônicos,Home,Impressão,https://documentacao.senior.com.br/documentoseletronicos/5.8.16/home/home-impressao.htm
Documentos Eletrônicos,Home,Integrações,https://documentacao.senior.com.br/documentoseletronicos/5.8.16/home/home-integracoes.htm
Documentos Eletrônicos,Home,Manual de instalação,https://documentacao.senior.com.br/documentoseletronicos/5.8.16/home/home-manual-instalacao.htm
Documentos Eletrônicos,Home.Htm,Manual do usuário - eDocs,https://documentacao.senior.com.br/documentoseletronicos/5.8.16/home.htm
Documentos Eletrônicos,Horario Verao,Configurações de fuso horário e horário de verão,https://documentacao.senior.com.br/documentoseletronicos/5.8.16/horario-verao/configuracoes.htm
Documentos Eletrônicos,Html Ajuda,Acessos,https://documentacao.senior.com.br/documentoseletronicos/5.8.16/html_ajuda/controleacesso.htm
Documentos Eletrônicos,Html Ajuda,Adicionando link para eDocs na senior X Platform,https://documentacao.senior.com.br/documentoseletronicos/5.8.16/html_ajuda/documentacaoprocesso/adicionar-modulo-edocs-g7.htm
Documentos Eletrônicos,Html Ajuda,Adicionar Município,https://documentacao.senior.com.br/documentoseletronicos/5.8.16/html_ajuda/fradicionarmunicipio.htm
Documentos Eletrônicos,Html Ajuda,Agronegócio,https://documentacao.senior.com.br/documentoseletronicos/5.8.16/html_ajuda/documentacaoprocesso/agronegocio/conceito-agronegocio.htm
Documentos Eletrônicos,Html Ajuda,Alertas,https://documentacao.senior.com.br/documentoseletronicos/5.8.16/html_ajuda/configuracoes/alertas.htm
Documentos Eletrônicos,Html Ajuda,Anexos e-mail,https://documentacao.senior.com.br/documentoseletronicos/5.8.16/html_ajuda/anexos-email.htm
Documentos Eletrônicos,Html Ajuda,Baixa automática de CT-es da SEFAZ (Distribuição de DF-es),https://documentacao.senior.com.br/documentoseletronicos/5.8.16/html_ajuda/documentacaoprocesso/ct-e/baixa-automatica-ct-e.htm
Documentos Eletrônicos,Html Ajuda,Bloco X,https://documentacao.senior.com.br/documentoseletronicos/5.8.16/html_ajuda/blocox/emissao.htm
Documentos Eletrônicos,Html Ajuda,CF-e,https://documentacao.senior.com.br/documentoseletronicos/5.8.16/html_ajuda/cfe/conceito.htm
Documentos Eletrônicos,Html Ajuda,CT-e,https://documentacao.senior.com.br/documentoseletronicos/5.8.16/html_ajuda/documentacaoprocesso/ct-e/conceito.htm
Documentos Eletrônicos,Html Ajuda,Cadastro de Inscrições Municipais,https://documentacao.senior.com.br/documentoseletronicos/5.8.16/html_ajuda/inscricoes-municipais.htm
Documentos Eletrônicos,Html Ajuda,Cancelamento de NFS-e em prefeituras que não aceitam cancelamento via integração,https://documentacao.senior.com.br/documentoseletronicos/5.8.16/html_ajuda/documentacaoprocesso/nfse/cancelamento-via-site.htm
Documentos Eletrônicos,Html Ajuda,Cancelamento de NFS-e por substituição,https://documentacao.senior.com.br/documentoseletronicos/5.8.16/html_ajuda/documentacaoprocesso/nfse/cancelamento-nfse-substituicao.htm
Documentos Eletrônicos,Html Ajuda,Cancelamento de NFS-e por substituição para o fornecedor Betha,https://documentacao.senior.com.br/documentoseletronicos/5.8.16/html_ajuda/documentacaoprocesso/nfse/cancelamento-nfse-substituicao-betha.htm
Documentos Eletrônicos,Html Ajuda,Certificado digital,https://documentacao.senior.com.br/documentoseletronicos/5.8.16/html_ajuda/certificado.htm
Documentos Eletrônicos,Html Ajuda,Certificados,https://documentacao.senior.com.br/documentoseletronicos/5.8.16/html_ajuda/certificados.htm
Documentos Eletrônicos,Html Ajuda,Certificação digital,https://documentacao.senior.com.br/documentoseletronicos/5.8.16/html_ajuda/guia-informativo/certificacao.htm
Documentos Eletrônicos,Html Ajuda,Cidades homologadas para Emissões de NFS-e,https://documentacao.senior.com.br/documentoseletronicos/5.8.16/html_ajuda/municipioshomologados/cidadeshomologadas.htm
Documentos Eletrônicos,Html Ajuda,Cidades homologadas para o Recebimento de NFS-e,https://documentacao.senior.com.br/documentoseletronicos/5.8.16/html_ajuda/municipioshomologados/cidadeshomologadas-recebimento.htm
Documentos Eletrônicos,Html Ajuda,Como analisar situações,https://documentacao.senior.com.br/documentoseletronicos/5.8.16/html_ajuda/guia-informativo/analise-situacoes.htm
Documentos Eletrônicos,Html Ajuda,Comparação de XMLs,https://documentacao.senior.com.br/documentoseletronicos/5.8.16/html_ajuda/guia-informativo/comparacao.htm
Documentos Eletrônicos,Html Ajuda,Conceito e coleta de Logs,https://documentacao.senior.com.br/documentoseletronicos/5.8.16/html_ajuda/guia-informativo/logs.htm
Documentos Eletrônicos,Html Ajuda,Configurar certificado digital,https://documentacao.senior.com.br/documentoseletronicos/5.8.16/html_ajuda/documentacaoprocesso/importar-certificado.htm
Documentos Eletrônicos,Html Ajuda,Configurar templates customizados,https://documentacao.senior.com.br/documentoseletronicos/5.8.16/html_ajuda/documentacaoprocesso/customizar-template.htm
Documentos Eletrônicos,Html Ajuda,Configuração de campos adicionais,https://documentacao.senior.com.br/documentoseletronicos/5.8.16/html_ajuda/gnre/configuracaocamposadicionais.htm
Documentos Eletrônicos,Html Ajuda,Confirmações de Transporte - MDF-e,https://documentacao.senior.com.br/documentoseletronicos/5.8.16/html_ajuda/documentacaoprocesso/mdf-e/confirmacoes-de-transporte.htm
Documentos Eletrônicos,Html Ajuda,Consulta,https://documentacao.senior.com.br/documentoseletronicos/5.8.16/html_ajuda/gnre/disponilidade-uf.htm
Documentos Eletrônicos,Html Ajuda,Consulta SEFAZ,https://documentacao.senior.com.br/documentoseletronicos/5.8.16/html_ajuda/frconsultasefaz.htm
Documentos Eletrônicos,Html Ajuda,Consulta URLs,https://documentacao.senior.com.br/documentoseletronicos/5.8.16/html_ajuda/frconsultaurls.htm
Documentos Eletrônicos,Html Ajuda,Consulta e-Consignado,https://documentacao.senior.com.br/documentoseletronicos/5.8.16/html_ajuda/esocial/consignacao-empregador.htm
Documentos Eletrônicos,Html Ajuda,Contadores,https://documentacao.senior.com.br/documentoseletronicos/5.8.16/html_ajuda/esocial/contadores.htm
Documentos Eletrônicos,Html Ajuda,Contato com SEFAZ/Prefeitura e acesso a fóruns,https://documentacao.senior.com.br/documentoseletronicos/5.8.16/html_ajuda/guia-informativo/contato.htm
Documentos Eletrônicos,Html Ajuda,Controle de Contingência - NFCom,https://documentacao.senior.com.br/documentoseletronicos/5.8.16/html_ajuda/frcontroledecontingencianfcom.htm
Documentos Eletrônicos,Html Ajuda,Controle de contingência,https://documentacao.senior.com.br/documentoseletronicos/5.8.16/html_ajuda/frcontroledecontingencia.htm
Documentos Eletrônicos,Html Ajuda,Controle de contingência,https://documentacao.senior.com.br/documentoseletronicos/5.8.16/html_ajuda/frcontroledecontingenciacte.htm
Documentos Eletrônicos,Html Ajuda,Controle de contingência,https://documentacao.senior.com.br/documentoseletronicos/5.8.16/html_ajuda/frcontroledecontingenciamdfe.htm
Documentos Eletrônicos,Html Ajuda,Controle de contingência,https://documentacao.senior.com.br/documentoseletronicos/5.8.16/html_ajuda/frcontroledecontingencianfce.htm
Documentos Eletrônicos,Html Ajuda,DC-e,https://documentacao.senior.com.br/documentoseletronicos/5.8.16/html_ajuda/dc-e/conceito.htm
Documentos Eletrônicos,Html Ajuda,Declarações Municipais,https://documentacao.senior.com.br/documentoseletronicos/5.8.16/html_ajuda/fremissaonfts.htm
Documentos Eletrônicos,Html Ajuda,Dicas – Interpretação dos logs ,https://documentacao.senior.com.br/documentoseletronicos/5.8.16/html_ajuda/guia-informativo/interpretacao-logs.htm
Documentos Eletrônicos,Html Ajuda,Diferença eDocs Embarcado x Múltiplos Documentos,https://documentacao.senior.com.br/documentoseletronicos/5.8.16/html_ajuda/diferencas-embarcado-completo.htm
Documentos Eletrônicos,Html Ajuda,Documentação dos web services,https://documentacao.senior.com.br/documentoseletronicos/5.8.16/html_ajuda/webservices/documentacao-webservices.htm
Documentos Eletrônicos,Html Ajuda,Dúvidas frequentes,https://documentacao.senior.com.br/documentoseletronicos/5.8.16/html_ajuda/duvidasfrequentes.htm
Documentos Eletrônicos,Html Ajuda,EFD-Reinf,https://documentacao.senior.com.br/documentoseletronicos/5.8.16/html_ajuda/reinf/conceito.htm
Documentos Eletrônicos,Html Ajuda,Emissões Agronegócio,https://documentacao.senior.com.br/documentoseletronicos/5.8.16/html_ajuda/frreceituarioagronomico.htm
Documentos Eletrônicos,Html Ajuda,Emissões CF-e,https://documentacao.senior.com.br/documentoseletronicos/5.8.16/html_ajuda/cfe/emissaocfe.htm
Documentos Eletrônicos,Html Ajuda,Emissões CT-e,https://documentacao.senior.com.br/documentoseletronicos/5.8.16/html_ajuda/fremissaocte.htm
Documentos Eletrônicos,Html Ajuda,Emissões DC-e,https://documentacao.senior.com.br/documentoseletronicos/5.8.16/html_ajuda/fremissaodce.htm
Documentos Eletrônicos,Html Ajuda,Emissões GNRE,https://documentacao.senior.com.br/documentoseletronicos/5.8.16/html_ajuda/gnre/emissaognre.htm
Documentos Eletrônicos,Html Ajuda,Emissões MDF-e,https://documentacao.senior.com.br/documentoseletronicos/5.8.16/html_ajuda/emissaomdfe.htm
Documentos Eletrônicos,Html Ajuda,Emissões NF-e,https://documentacao.senior.com.br/documentoseletronicos/5.8.16/html_ajuda/fremissaonfe.htm
Documentos Eletrônicos,Html Ajuda,Emissões NFC-e,https://documentacao.senior.com.br/documentoseletronicos/5.8.16/html_ajuda/fremissaonfce.htm
Documentos Eletrônicos,Html Ajuda,Emissões NFCom,https://documentacao.senior.com.br/documentoseletronicos/5.8.16/html_ajuda/fremissaonfcom.htm
Documentos Eletrônicos,Html Ajuda,Emissões NFS-e,https://documentacao.senior.com.br/documentoseletronicos/5.8.16/html_ajuda/fremissaonfse.htm
Documentos Eletrônicos,Html Ajuda,Emissões Recintos aduaneiros,https://documentacao.senior.com.br/documentoseletronicos/5.8.16/html_ajuda/frrecintosaduaneiros.htm
Documentos Eletrônicos,Html Ajuda,Empresas,https://documentacao.senior.com.br/documentoseletronicos/5.8.16/html_ajuda/frcadastrodeempresa.htm
Documentos Eletrônicos,Html Ajuda,Envio eletrônico do CT-e,https://documentacao.senior.com.br/documentoseletronicos/5.8.16/html_ajuda/envioeletronico.htm
Documentos Eletrônicos,Html Ajuda,Esqueci minha senha,https://documentacao.senior.com.br/documentoseletronicos/5.8.16/html_ajuda/esqueci-senha.htm
Documentos Eletrônicos,Html Ajuda,Eventos,https://documentacao.senior.com.br/documentoseletronicos/5.8.16/html_ajuda/reinf/emissaoreinf.htm
Documentos Eletrônicos,Html Ajuda,Eventos de manifestação de destinatário,https://documentacao.senior.com.br/documentoseletronicos/5.8.16/html_ajuda/eventos-de-manifestacao.htm
Documentos Eletrônicos,Html Ajuda,FAQ,https://documentacao.senior.com.br/documentoseletronicos/5.8.16/html_ajuda/esocial/faq-esocial.htm
Documentos Eletrônicos,Html Ajuda,Filiais,https://documentacao.senior.com.br/documentoseletronicos/5.8.16/html_ajuda/frcadastrodefiliais.htm
Documentos Eletrônicos,Html Ajuda,Formas de retorno,https://documentacao.senior.com.br/documentoseletronicos/5.8.16/html_ajuda/documentacaoprocesso/formas-retorno.htm
Documentos Eletrônicos,Html Ajuda,Fornecedor 4R Tecnologia,https://documentacao.senior.com.br/documentoseletronicos/5.8.16/html_ajuda/municipioshomologados/fornecedor-4r-tecnologia.htm
Documentos Eletrônicos,Html Ajuda,Fornecedor ADM Sistemas (Saatri),https://documentacao.senior.com.br/documentoseletronicos/5.8.16/html_ajuda/municipioshomologados/fornecedor_adm.htm
Documentos Eletrônicos,Html Ajuda,Fornecedor Abase,https://documentacao.senior.com.br/documentoseletronicos/5.8.16/html_ajuda/municipioshomologados/fornecedor-abase.htm
Documentos Eletrônicos,Html Ajuda,Fornecedor Agili InfoPlus,https://documentacao.senior.com.br/documentoseletronicos/5.8.16/html_ajuda/municipioshomologados/fornecedor-agili-infoplus.htm
Documentos Eletrônicos,Html Ajuda,Fornecedor Agili Infoplus (Reforma Tributária),https://documentacao.senior.com.br/documentoseletronicos/5.8.16/html_ajuda/municipioshomologados/fornecedor-agili-infoplus-reforma-tributaria.htm
Documentos Eletrônicos,Html Ajuda,Fornecedor Agilicore,https://documentacao.senior.com.br/documentoseletronicos/5.8.16/html_ajuda/municipioshomologados/fornecedor-agilicore.htm
Documentos Eletrônicos,Html Ajuda,Fornecedor Ambiente Nacional,https://documentacao.senior.com.br/documentoseletronicos/5.8.16/html_ajuda/municipioshomologados/fornecedor-ambiente-nacional.htm
Documentos Eletrônicos,Html Ajuda,Fornecedor Aspec,https://documentacao.senior.com.br/documentoseletronicos/5.8.16/html_ajuda/municipioshomologados/fornecedor-aspec.htm
Documentos Eletrônicos,Html Ajuda,Fornecedor Assessor Público,https://documentacao.senior.com.br/documentoseletronicos/5.8.16/html_ajuda/municipioshomologados/fornecedor-assessor-publico.htm
Documentos Eletrônicos,Html Ajuda,Fornecedor BHISS,https://documentacao.senior.com.br/documentoseletronicos/5.8.16/html_ajuda/municipioshomologados/fornecedor_bhiss.htm
Documentos Eletrônicos,Html Ajuda,Fornecedor Barueri,https://documentacao.senior.com.br/documentoseletronicos/5.8.16/html_ajuda/municipioshomologados/fornecedor-barueri.htm
Documentos Eletrônicos,Html Ajuda,Fornecedor Bauhaus Sistemas,https://documentacao.senior.com.br/documentoseletronicos/5.8.16/html_ajuda/municipioshomologados/fornecedor-bauhaus.htm
Documentos Eletrônicos,Html Ajuda,Fornecedor Bauru,https://documentacao.senior.com.br/documentoseletronicos/5.8.16/html_ajuda/municipioshomologados/fornecedor-bauru.htm
Documentos Eletrônicos,Html Ajuda,Fornecedor Betha Cloud - versão 1.00,https://documentacao.senior.com.br/documentoseletronicos/5.8.16/html_ajuda/municipioshomologados/fornecedor-betha-cloud-1-00.htm
Documentos Eletrônicos,Html Ajuda,Fornecedor Betha Cloud - versão 2.02,https://documentacao.senior.com.br/documentoseletronicos/5.8.16/html_ajuda/municipioshomologados/fornecedor-betha-cloud-2-02.htm
Documentos Eletrônicos,Html Ajuda,Fornecedor Betha Sistemas - versão 1.00,https://documentacao.senior.com.br/documentoseletronicos/5.8.16/html_ajuda/municipioshomologados/fornecedor-betha-1-00.htm
Documentos Eletrônicos,Html Ajuda,Fornecedor Betha Sistemas - versão 2.02,https://documentacao.senior.com.br/documentoseletronicos/5.8.16/html_ajuda/municipioshomologados/fornecedor-betha-2-02.htm
Documentos Eletrônicos,Html Ajuda,Fornecedor CPQD,https://documentacao.senior.com.br/documentoseletronicos/5.8.16/html_ajuda/municipioshomologados/fornecedor_cpqd.htm
Documentos Eletrônicos,Html Ajuda,Fornecedor Campinas,https://documentacao.senior.com.br/documentoseletronicos/5.8.16/html_ajuda/municipioshomologados/fornecedor-campinas.htm
Documentos Eletrônicos,Html Ajuda,Fornecedor Cecam,https://documentacao.senior.com.br/documentoseletronicos/5.8.16/html_ajuda/municipioshomologados/fornecedor-cecam.htm
Documentos Eletrônicos,Html Ajuda,Fornecedor Centi Rest,https://documentacao.senior.com.br/documentoseletronicos/5.8.16/html_ajuda/municipioshomologados/fornecedor-centi.htm
Documentos Eletrônicos,Html Ajuda,Fornecedor Chapecó,https://documentacao.senior.com.br/documentoseletronicos/5.8.16/html_ajuda/municipioshomologados/fornecedor-chapeco.htm
Documentos Eletrônicos,Html Ajuda,Fornecedor Citta,https://documentacao.senior.com.br/documentoseletronicos/5.8.16/html_ajuda/municipioshomologados/fornecedor-citta.htm
Documentos Eletrônicos,Html Ajuda,Fornecedor Citta (Reforma Tributária),https://documentacao.senior.com.br/documentoseletronicos/5.8.16/html_ajuda/municipioshomologados/fornecedor-citta-reforma-tributaria.htm
Documentos Eletrônicos,Html Ajuda,Fornecedor Coplan,https://documentacao.senior.com.br/documentoseletronicos/5.8.16/html_ajuda/municipioshomologados/fornecedor_coplan.htm
Documentos Eletrônicos,Html Ajuda,Fornecedor Coplan (Reforma Tributária),https://documentacao.senior.com.br/documentoseletronicos/5.8.16/html_ajuda/municipioshomologados/fornecedor-coplan-reforma-tributaria.htm
Documentos Eletrônicos,Html Ajuda,Fornecedor Coplan - versão 2.02,https://documentacao.senior.com.br/documentoseletronicos/5.8.16/html_ajuda/municipioshomologados/fornecedor-coplan-2.02.htm
Documentos Eletrônicos,Html Ajuda,Fornecedor Cotia,https://documentacao.senior.com.br/documentoseletronicos/5.8.16/html_ajuda/municipioshomologados/fornecedor-cotia.htm
Documentos Eletrônicos,Html Ajuda,Fornecedor Cotia (Reforma Tributária),https://documentacao.senior.com.br/documentoseletronicos/5.8.16/html_ajuda/municipioshomologados/fornecedor-cotia-reforma-tributaria.htm
Documentos Eletrônicos,Html Ajuda,Fornecedor CtaConsult,https://documentacao.senior.com.br/documentoseletronicos/5.8.16/html_ajuda/municipioshomologados/fornecedor_ctaconsult.htm
Documentos Eletrônicos,Html Ajuda,Fornecedor Curitiba,https://documentacao.senior.com.br/documentoseletronicos/5.8.16/html_ajuda/municipioshomologados/fornecedor-curitiba.htm
Documentos Eletrônicos,Html Ajuda,Fornecedor DBSeller,https://documentacao.senior.com.br/documentoseletronicos/5.8.16/html_ajuda/municipioshomologados/fornecedor_dbseller.htm
Documentos Eletrônicos,Html Ajuda,Fornecedor DEISS,https://documentacao.senior.com.br/documentoseletronicos/5.8.16/html_ajuda/municipioshomologados/fornecedor-deiss.htm
Documentos Eletrônicos,Html Ajuda,Fornecedor DSF,https://documentacao.senior.com.br/documentoseletronicos/5.8.16/html_ajuda/municipioshomologados/fornecedor-dsf.htm
Documentos Eletrônicos,Html Ajuda,Fornecedor DSF/SIAT/Pro Solution,https://documentacao.senior.com.br/documentoseletronicos/5.8.16/html_ajuda/municipioshomologados/fornecedor_dsf.htm
Documentos Eletrônicos,Html Ajuda,Fornecedor Desenvolve Cidade,https://documentacao.senior.com.br/documentoseletronicos/5.8.16/html_ajuda/municipioshomologados/fornecedor-desenvolve-cidade.htm
Documentos Eletrônicos,Html Ajuda,Fornecedor Digifred - versão 2.0,https://documentacao.senior.com.br/documentoseletronicos/5.8.16/html_ajuda/municipioshomologados/fornecedor-digifred.htm
Documentos Eletrônicos,Html Ajuda,Fornecedor E-Receita,https://documentacao.senior.com.br/documentoseletronicos/5.8.16/html_ajuda/municipioshomologados/fornecedor_ereceita.htm
Documentos Eletrônicos,Html Ajuda,Fornecedor E-receita,https://documentacao.senior.com.br/documentoseletronicos/5.8.16/html_ajuda/municipioshomologados/fornecedor-ereceita.htm
Documentos Eletrônicos,Html Ajuda,Fornecedor ETransparência (Reforma Tributária),https://documentacao.senior.com.br/documentoseletronicos/5.8.16/html_ajuda/municipioshomologados/fornecedor-etransparência-reforma-tributaria.htm
Documentos Eletrônicos,Html Ajuda,Fornecedor E\u0026L Gestão Pública - versão 1.00,https://documentacao.senior.com.br/documentoseletronicos/5.8.16/html_ajuda/municipioshomologados/fornecedor_elgestaopublica.htm
Documentos Eletrônicos,Html Ajuda,Fornecedor E\u0026L Gestão Pública - versão 2.04,https://documentacao.senior.com.br/documentoseletronicos/5.8.16/html_ajuda/municipioshomologados/fornecedor-el-2-04.htm
Documentos Eletrônicos,Html Ajuda,Fornecedor EddyData,https://documentacao.senior.com.br/documentoseletronicos/5.8.16/html_ajuda/municipioshomologados/fornecedor-eddydata.htm
Documentos Eletrônicos,Html Ajuda,Fornecedor Edza,https://documentacao.senior.com.br/documentoseletronicos/5.8.16/html_ajuda/municipioshomologados/fornecedor_edza.htm
Documentos Eletrônicos,Html Ajuda,Fornecedor Elotech,https://documentacao.senior.com.br/documentoseletronicos/5.8.16/html_ajuda/municipioshomologados/fornecedor_elotech.htm
Documentos Eletrônicos,Html Ajuda,Fornecedor Elotech (Reforma Tributária),https://documentacao.senior.com.br/documentoseletronicos/5.8.16/html_ajuda/municipioshomologados/fornecedor-elotech-reforma-tributaria.htm
Documentos Eletrônicos,Html Ajuda,Fornecedor Embras,https://documentacao.senior.com.br/documentoseletronicos/5.8.16/html_ajuda/municipioshomologados/fornecedor-embras.htm
Documentos Eletrônicos,Html Ajuda,Fornecedor Equiplano,https://documentacao.senior.com.br/documentoseletronicos/5.8.16/html_ajuda/municipioshomologados/fornecedor_equiplano.htm
Documentos Eletrônicos,Html Ajuda,Fornecedor Equiplano (Reforma Tributária),https://documentacao.senior.com.br/documentoseletronicos/5.8.16/html_ajuda/municipioshomologados/fornecedor-equiplano-reforma-tributaria.htm
Documentos Eletrônicos,Html Ajuda,Fornecedor FGMaiss,https://documentacao.senior.com.br/documentoseletronicos/5.8.16/html_ajuda/municipioshomologados/fornecedor_fgmaiss.htm
Documentos Eletrônicos,Html Ajuda,Fornecedor FISCO - SGA (São Gonçalo do Amarante - leiaute próprio),https://documentacao.senior.com.br/documentoseletronicos/5.8.16/html_ajuda/municipioshomologados/fornecedor-fisco-sga.htm
Documentos Eletrônicos,Html Ajuda,Fornecedor Fintel,https://documentacao.senior.com.br/documentoseletronicos/5.8.16/html_ajuda/municipioshomologados/fornecedor-fintel.htm
Documentos Eletrônicos,Html Ajuda,Fornecedor Fiorilli,https://documentacao.senior.com.br/documentoseletronicos/5.8.16/html_ajuda/municipioshomologados/fornecedor_fiorilli.htm
Documentos Eletrônicos,Html Ajuda,Fornecedor Fisslex,https://documentacao.senior.com.br/documentoseletronicos/5.8.16/html_ajuda/municipioshomologados/fornecedor_fisslex.htm
Documentos Eletrônicos,Html Ajuda,Fornecedor GOVBR,https://documentacao.senior.com.br/documentoseletronicos/5.8.16/html_ajuda/municipioshomologados/fornecedor_govbr.htm
Documentos Eletrônicos,Html Ajuda,Fornecedor GOVBR - versão 1.00,https://documentacao.senior.com.br/documentoseletronicos/5.8.16/html_ajuda/municipioshomologados/fornecedor-govbr-1-00.htm
Documentos Eletrônicos,Html Ajuda,Fornecedor GOVBR - versão 2.02,https://documentacao.senior.com.br/documentoseletronicos/5.8.16/html_ajuda/municipioshomologados/fornecedor-govbr-2-02.htm
Documentos Eletrônicos,Html Ajuda,Fornecedor GOVBR - versão 2.03,https://documentacao.senior.com.br/documentoseletronicos/5.8.16/html_ajuda/municipioshomologados/fornecedor-govbr-2-03.htm
Documentos Eletrônicos,Html Ajuda,Fornecedor GOVBR - versão 2.03 - ABRASF,https://documentacao.senior.com.br/documentoseletronicos/5.8.16/html_ajuda/municipioshomologados/fornecedor-govbr-2-03-abrasf.htm
Documentos Eletrônicos,Html Ajuda,Fornecedor GeisWeb,https://documentacao.senior.com.br/documentoseletronicos/5.8.16/html_ajuda/municipioshomologados/fornecedor-geisweb.htm
Documentos Eletrônicos,Html Ajuda,Fornecedor GeisWeb - versão 2.00,https://documentacao.senior.com.br/documentoseletronicos/5.8.16/html_ajuda/municipioshomologados/fornecedor-geisweb-2.00.htm
Documentos Eletrônicos,Html Ajuda,Fornecedor Giap,https://documentacao.senior.com.br/documentoseletronicos/5.8.16/html_ajuda/municipioshomologados/fornecedor-giap.htm
Documentos Eletrônicos,Html Ajuda,Fornecedor Ginfes,https://documentacao.senior.com.br/documentoseletronicos/5.8.16/html_ajuda/municipioshomologados/fornecedor_ginfes.htm
Documentos Eletrônicos,Html Ajuda,Fornecedor Ginfes (Reforma Tributária),https://documentacao.senior.com.br/documentoseletronicos/5.8.16/html_ajuda/municipioshomologados/fornecedor-ginfes-reforma-tributaria.htm
Documentos Eletrônicos,Html Ajuda,Fornecedor Ginfes - versão 2.04,https://documentacao.senior.com.br/documentoseletronicos/5.8.16/html_ajuda/municipioshomologados/fornecedor-ginfes-2-04.htm
Documentos Eletrônicos,Html Ajuda,Fornecedor Governa,https://documentacao.senior.com.br/documentoseletronicos/5.8.16/html_ajuda/municipioshomologados/fornecedor-governa.htm
Documentos Eletrônicos,Html Ajuda,Fornecedor Governo Digital,https://documentacao.senior.com.br/documentoseletronicos/5.8.16/html_ajuda/municipioshomologados/fornecedor_govdigital.htm
Documentos Eletrônicos,Html Ajuda,Fornecedor Governo Digital (Reforma Tributária),https://documentacao.senior.com.br/documentoseletronicos/5.8.16/html_ajuda/municipioshomologados/fornecedor-governo-digital-reforma-tributaria.htm
Documentos Eletrônicos,Html Ajuda,Fornecedor IPM,https://documentacao.senior.com.br/documentoseletronicos/5.8.16/html_ajuda/municipioshomologados/fornecedor_ipm.htm
Documentos Eletrônicos,Html Ajuda,Fornecedor IPM - versão 2.04,https://documentacao.senior.com.br/documentoseletronicos/5.8.16/html_ajuda/municipioshomologados/fornecedor-ipm-2-04.htm
Documentos Eletrônicos,Html Ajuda,Fornecedor IPM - versão 2.04 (Reforma Tributária),https://documentacao.senior.com.br/documentoseletronicos/5.8.16/html_ajuda/municipioshomologados/fornecedor-ipm-2-04-reforma-tributaria.htm
Documentos Eletrônicos,Html Ajuda,Fornecedor IPM Rest,https://documentacao.senior.com.br/documentoseletronicos/5.8.16/html_ajuda/municipioshomologados/fornecedor-ipm-rest.htm
Documentos Eletrônicos,Html Ajuda,Fornecedor ISS Intel,https://documentacao.senior.com.br/documentoseletronicos/5.8.16/html_ajuda/municipioshomologados/fornecedor-iss-intel.htm
Documentos Eletrônicos,Html Ajuda,Fornecedor ISS NFe,https://documentacao.senior.com.br/documentoseletronicos/5.8.16/html_ajuda/municipioshomologados/fornecedor-iss-nfe.htm
Documentos Eletrônicos,Html Ajuda,Fornecedor ISS Net,https://documentacao.senior.com.br/documentoseletronicos/5.8.16/html_ajuda/municipioshomologados/fornecedor-iss-net.htm
Documentos Eletrônicos,Html Ajuda,Fornecedor ISS Net/NotaControl - versão 2.04,https://documentacao.senior.com.br/documentoseletronicos/5.8.16/html_ajuda/municipioshomologados/fornecedor-nota-control-2.04.htm
Documentos Eletrônicos,Html Ajuda,Fornecedor ISSFortaleza,https://documentacao.senior.com.br/documentoseletronicos/5.8.16/html_ajuda/municipioshomologados/fornecedor_issfortaleza.htm
Documentos Eletrônicos,Html Ajuda,Fornecedor ISSNfe (Reforma Tributária),https://documentacao.senior.com.br/documentoseletronicos/5.8.16/html_ajuda/municipioshomologados/fornecedor-issnfe-reforma-tributaria.htm
Documentos Eletrônicos,Html Ajuda,Fornecedor Infisc,https://documentacao.senior.com.br/documentoseletronicos/5.8.16/html_ajuda/municipioshomologados/fornecedor_infisc.htm
Documentos Eletrônicos,Html Ajuda,Fornecedor Infisc PcGif,https://documentacao.senior.com.br/documentoseletronicos/5.8.16/html_ajuda/municipioshomologados/fornecedor-infisc-pcgif.htm
Documentos Eletrônicos,Html Ajuda,Fornecedor IsaNeto - versão 2.03,https://documentacao.senior.com.br/documentoseletronicos/5.8.16/html_ajuda/municipioshomologados/fornecedor-isaneto-2-03.htm
Documentos Eletrônicos,Html Ajuda,Fornecedor IssDigital,https://documentacao.senior.com.br/documentoseletronicos/5.8.16/html_ajuda/municipioshomologados/fornecedor-issdigital.htm
Documentos Eletrônicos,Html Ajuda,Fornecedor Isse,https://documentacao.senior.com.br/documentoseletronicos/5.8.16/html_ajuda/municipioshomologados/fornecedor-isse.htm
Documentos Eletrônicos,Html Ajuda,Fornecedor Joinville,https://documentacao.senior.com.br/documentoseletronicos/5.8.16/html_ajuda/municipioshomologados/fornecedor_joinville.htm
Documentos Eletrônicos,Html Ajuda,Fornecedor João Pessoa,https://documentacao.senior.com.br/documentoseletronicos/5.8.16/html_ajuda/municipioshomologados/fornecedor_joaopessoa.htm
Documentos Eletrônicos,Html Ajuda,Fornecedor KBF Sistemas,https://documentacao.senior.com.br/documentoseletronicos/5.8.16/html_ajuda/municipioshomologados/fornecedor-kbf-sistemas.htm
Documentos Eletrônicos,Html Ajuda,Fornecedor Kalana,https://documentacao.senior.com.br/documentoseletronicos/5.8.16/html_ajuda/municipioshomologados/fornecedor-kalana.htm
Documentos Eletrônicos,Html Ajuda,Fornecedor Lanza,https://documentacao.senior.com.br/documentoseletronicos/5.8.16/html_ajuda/municipioshomologados/fornecedor-lanza.htm
Documentos Eletrônicos,Html Ajuda,Fornecedor Lençóis Paulista,https://documentacao.senior.com.br/documentoseletronicos/5.8.16/html_ajuda/municipioshomologados/fornecedor-lencois-paulista.htm
Documentos Eletrônicos,Html Ajuda,Fornecedor Lexsom,https://documentacao.senior.com.br/documentoseletronicos/5.8.16/html_ajuda/municipioshomologados/fornecedor-lexsom.htm
Documentos Eletrônicos,Html Ajuda,Fornecedor Libre Soluções,https://documentacao.senior.com.br/documentoseletronicos/5.8.16/html_ajuda/municipioshomologados/fornecedor-libre-solucoes.htm
Documentos Eletrônicos,Html Ajuda,Fornecedor Londrina,https://documentacao.senior.com.br/documentoseletronicos/5.8.16/html_ajuda/municipioshomologados/fornecedor_londrina.htm
Documentos Eletrônicos,Html Ajuda,Fornecedor Megasoft,https://documentacao.senior.com.br/documentoseletronicos/5.8.16/html_ajuda/municipioshomologados/fornecedor-megasoft.htm
Documentos Eletrônicos,Html Ajuda,Fornecedor Memory,https://documentacao.senior.com.br/documentoseletronicos/5.8.16/html_ajuda/municipioshomologados/fornecedor_memory.htm
Documentos Eletrônicos,Html Ajuda,Fornecedor Modernização Pública,https://documentacao.senior.com.br/documentoseletronicos/5.8.16/html_ajuda/municipioshomologados/fornecedor-modernizacao-publica.htm
Documentos Eletrônicos,Html Ajuda,Fornecedor Município Eletrônico,https://documentacao.senior.com.br/documentoseletronicos/5.8.16/html_ajuda/municipioshomologados/fornecedor-municipio-eletronico.htm
Documentos Eletrônicos,Html Ajuda,Fornecedor NF-Eletrônica,https://documentacao.senior.com.br/documentoseletronicos/5.8.16/html_ajuda/municipioshomologados/fornecedor_nfeletronica.htm
Documentos Eletrônicos,Html Ajuda,Fornecedor NFSD,https://documentacao.senior.com.br/documentoseletronicos/5.8.16/html_ajuda/municipioshomologados/fornecedor-nfsd.htm
Documentos Eletrônicos,Html Ajuda,Fornecedor N\u0026A Informática,https://documentacao.senior.com.br/documentoseletronicos/5.8.16/html_ajuda/municipioshomologados/fornecedor_nainformatica.htm
Documentos Eletrônicos,Html Ajuda,Fornecedor Natal,https://documentacao.senior.com.br/documentoseletronicos/5.8.16/html_ajuda/municipioshomologados/fornecedor_natal.htm
Documentos Eletrônicos,Html Ajuda,Fornecedor Nota Digital,https://documentacao.senior.com.br/documentoseletronicos/5.8.16/html_ajuda/municipioshomologados/fornecedor-nota-digital.htm
Documentos Eletrônicos,Html Ajuda,Fornecedor Portal Fácil,https://documentacao.senior.com.br/documentoseletronicos/5.8.16/html_ajuda/municipioshomologados/fornecedor-portal-facil.htm
Documentos Eletrônicos,Html Ajuda,Fornecedor Prescon,https://documentacao.senior.com.br/documentoseletronicos/5.8.16/html_ajuda/municipioshomologados/fornecedor-prescon.htm
Documentos Eletrônicos,Html Ajuda,Fornecedor PrimaxOnline,https://documentacao.senior.com.br/documentoseletronicos/5.8.16/html_ajuda/municipioshomologados/fornecedor-primaxonline.htm
Documentos Eletrônicos,Html Ajuda,Fornecedor Prodata,https://documentacao.senior.com.br/documentoseletronicos/5.8.16/html_ajuda/municipioshomologados/fornecedor-prodata.htm
Documentos Eletrônicos,Html Ajuda,Fornecedor PublicSoft,https://documentacao.senior.com.br/documentoseletronicos/5.8.16/html_ajuda/municipioshomologados/fornecedor-publicsoft.htm
Documentos Eletrônicos,Html Ajuda,Fornecedor Publica,https://documentacao.senior.com.br/documentoseletronicos/5.8.16/html_ajuda/municipioshomologados/fornecedor_publica.htm
Documentos Eletrônicos,Html Ajuda,Fornecedor Quasar,https://documentacao.senior.com.br/documentoseletronicos/5.8.16/html_ajuda/municipioshomologados/fornecedor-quasar.htm
Documentos Eletrônicos,Html Ajuda,Fornecedor RZL,https://documentacao.senior.com.br/documentoseletronicos/5.8.16/html_ajuda/municipioshomologados/fornecedor-rzl.htm
Documentos Eletrônicos,Html Ajuda,Fornecedor Rio Branco,https://documentacao.senior.com.br/documentoseletronicos/5.8.16/html_ajuda/municipioshomologados/fornecedor-rio-branco.htm
Documentos Eletrônicos,Html Ajuda,Fornecedor SH3 Sistemas,https://documentacao.senior.com.br/documentoseletronicos/5.8.16/html_ajuda/municipioshomologados/fornecedor-sh3-sistemas.htm
Documentos Eletrônicos,Html Ajuda,Fornecedor SIAP Sistemas,https://documentacao.senior.com.br/documentoseletronicos/5.8.16/html_ajuda/municipioshomologados/fornecedor-siap-sistemas.htm
Documentos Eletrônicos,Html Ajuda,Fornecedor SIGEP,https://documentacao.senior.com.br/documentoseletronicos/5.8.16/html_ajuda/municipioshomologados/fornecedor-sigep.htm
Documentos Eletrônicos,Html Ajuda,Fornecedor SISGENF-e,https://documentacao.senior.com.br/documentoseletronicos/5.8.16/html_ajuda/municipioshomologados/fornecedor-sisgenfe.htm
Documentos Eletrônicos,Html Ajuda,Fornecedor STM,https://documentacao.senior.com.br/documentoseletronicos/5.8.16/html_ajuda/municipioshomologados/fornecedor-stm.htm
Documentos Eletrônicos,Html Ajuda,Fornecedor STM - versão 2.01,https://documentacao.senior.com.br/documentoseletronicos/5.8.16/html_ajuda/municipioshomologados/fornecedor-stm2.01.htm
Documentos Eletrônicos,Html Ajuda,Fornecedor Salvador,https://documentacao.senior.com.br/documentoseletronicos/5.8.16/html_ajuda/municipioshomologados/fornecedor-salvador.htm
Documentos Eletrônicos,Html Ajuda,Fornecedor Semfaz Online - versão 2.04,https://documentacao.senior.com.br/documentoseletronicos/5.8.16/html_ajuda/municipioshomologados/fornecedor-semfaz-online-2-04.htm
Documentos Eletrônicos,Html Ajuda,Fornecedor Siappa,https://documentacao.senior.com.br/documentoseletronicos/5.8.16/html_ajuda/municipioshomologados/fornecedor-siappa.htm
Documentos Eletrônicos,Html Ajuda,Fornecedor SigISS (Reforma Tributária),https://documentacao.senior.com.br/documentoseletronicos/5.8.16/html_ajuda/municipioshomologados/fornecedor-sigiss-reforma-tributaria.htm
Documentos Eletrônicos,Html Ajuda,Fornecedor SigISS - versão 1.00,https://documentacao.senior.com.br/documentoseletronicos/5.8.16/html_ajuda/municipioshomologados/fornecedor-sigiss-1-00.htm
Documentos Eletrônicos,Html Ajuda,Fornecedor SigISS - versão 2.03,https://documentacao.senior.com.br/documentoseletronicos/5.8.16/html_ajuda/municipioshomologados/fornecedor-sigiss-2-03.htm
Documentos Eletrônicos,Html Ajuda,Fornecedor SigISS - versão 2.04,https://documentacao.senior.com.br/documentoseletronicos/5.8.16/html_ajuda/municipioshomologados/fornecedor-sigiss-2-04.htm
Documentos Eletrônicos,Html Ajuda,Fornecedor SigISS Web,https://documentacao.senior.com.br/documentoseletronicos/5.8.16/html_ajuda/municipioshomologados/fornecedor-sigiss-web.htm
Documentos Eletrônicos,Html Ajuda,Fornecedor SigIssWeb Rest,https://documentacao.senior.com.br/documentoseletronicos/5.8.16/html_ajuda/municipioshomologados/fornecedor_sigissweb_rest.htm
Documentos Eletrônicos,Html Ajuda,Fornecedor SigIssWeb Rest (Reforma Tributária),https://documentacao.senior.com.br/documentoseletronicos/5.8.16/html_ajuda/municipioshomologados/fornecedor-sigissweb-rest-reforma-tributaria.htm
Documentos Eletrônicos,Html Ajuda,Fornecedor Simpliss,https://documentacao.senior.com.br/documentoseletronicos/5.8.16/html_ajuda/municipioshomologados/fornecedor_simpliss.htm
Documentos Eletrônicos,Html Ajuda,Fornecedor Simpliss - versão 2.03,https://documentacao.senior.com.br/documentoseletronicos/5.8.16/html_ajuda/municipioshomologados/fornecedor-simpliss-2.03.htm
Documentos Eletrônicos,Html Ajuda,Fornecedor Simpliss Assinado,https://documentacao.senior.com.br/documentoseletronicos/5.8.16/html_ajuda/municipioshomologados/fornecedor-simpliss-assinado.htm
Documentos Eletrônicos,Html Ajuda,Fornecedor Sinsoft,https://documentacao.senior.com.br/documentoseletronicos/5.8.16/html_ajuda/municipioshomologados/fornecedor-sinsoft.htm
Documentos Eletrônicos,Html Ajuda,Fornecedor Sistema4R,https://documentacao.senior.com.br/documentoseletronicos/5.8.16/html_ajuda/municipioshomologados/fornecedor-sistema-4r.htm
Documentos Eletrônicos,Html Ajuda,Fornecedor Smarapd - versão 1.00,https://documentacao.senior.com.br/documentoseletronicos/5.8.16/html_ajuda/municipioshomologados/fornecedor_smarapd.htm
Documentos Eletrônicos,Html Ajuda,Fornecedor Smarapd - versão 2.03,https://documentacao.senior.com.br/documentoseletronicos/5.8.16/html_ajuda/municipioshomologados/fornecedor-smarapd-2.03.htm
Documentos Eletrônicos,Html Ajuda,Fornecedor Smarapd - versão 2.04,https://documentacao.senior.com.br/documentoseletronicos/5.8.16/html_ajuda/municipioshomologados/fornecedor-smarapd-2-04.htm
Documentos Eletrônicos,Html Ajuda,Fornecedor Softplan,https://documentacao.senior.com.br/documentoseletronicos/5.8.16/html_ajuda/municipioshomologados/fornecedor-softplan.htm
Documentos Eletrônicos,Html Ajuda,Fornecedor SpeedGov,https://documentacao.senior.com.br/documentoseletronicos/5.8.16/html_ajuda/municipioshomologados/fornecedor-speedgov.htm
Documentos Eletrônicos,Html Ajuda,Fornecedor Supernova/Iss Online - versão 2.01,https://documentacao.senior.com.br/documentoseletronicos/5.8.16/html_ajuda/municipioshomologados/fornecedor-supernova.htm
Documentos Eletrônicos,Html Ajuda,Fornecedor System,https://documentacao.senior.com.br/documentoseletronicos/5.8.16/html_ajuda/municipioshomologados/fornecedor-system.htm
Documentos Eletrônicos,Html Ajuda,Fornecedor São José dos Campos,https://documentacao.senior.com.br/documentoseletronicos/5.8.16/html_ajuda/municipioshomologados/fornecedor-sao-jose-campos.htm
Documentos Eletrônicos,Html Ajuda,Fornecedor São José dos Pinhais,https://documentacao.senior.com.br/documentoseletronicos/5.8.16/html_ajuda/municipioshomologados/fornecedor-sao-jose-pinhas.htm
Documentos Eletrônicos,Html Ajuda,Fornecedor São Paulo,https://documentacao.senior.com.br/documentoseletronicos/5.8.16/html_ajuda/municipioshomologados/fornecedor_saopaulo.htm
Documentos Eletrônicos,Html Ajuda,Fornecedor Tecnos,https://documentacao.senior.com.br/documentoseletronicos/5.8.16/html_ajuda/municipioshomologados/fornecedor-tecnos.htm
Documentos Eletrônicos,Html Ajuda,Fornecedor Thema,https://documentacao.senior.com.br/documentoseletronicos/5.8.16/html_ajuda/municipioshomologados/fornecedor_thema.htm
Documentos Eletrônicos,Html Ajuda,Fornecedor Tinus,https://documentacao.senior.com.br/documentoseletronicos/5.8.16/html_ajuda/municipioshomologados/fornecedor_tinus.htm
Documentos Eletrônicos,Html Ajuda,Fornecedor Tinus (Reforma Tributária),https://documentacao.senior.com.br/documentoseletronicos/5.8.16/html_ajuda/municipioshomologados/fornecedor-tinus-reforma-tributaria.htm
Documentos Eletrônicos,Html Ajuda,Fornecedor Tinus Soap,https://documentacao.senior.com.br/documentoseletronicos/5.8.16/html_ajuda/municipioshomologados/fornecedor_tinus_soap.htm
Documentos Eletrônicos,Html Ajuda,Fornecedor Tiplan,https://documentacao.senior.com.br/documentoseletronicos/5.8.16/html_ajuda/municipioshomologados/fornecedor-tiplan.htm
Documentos Eletrônicos,Html Ajuda,Fornecedor UDigital - versão 2.04,https://documentacao.senior.com.br/documentoseletronicos/5.8.16/html_ajuda/municipioshomologados/fornecedor-udigital.htm
Documentos Eletrônicos,Html Ajuda,Fornecedor Versa,https://documentacao.senior.com.br/documentoseletronicos/5.8.16/html_ajuda/municipioshomologados/fornecedor-versa.htm
Documentos Eletrônicos,Html Ajuda,Fornecedor Vila Velha,https://documentacao.senior.com.br/documentoseletronicos/5.8.16/html_ajuda/municipioshomologados/fornecedor-vila-velha.htm
Documentos Eletrônicos,Html Ajuda,Fornecedor Vitória,https://documentacao.senior.com.br/documentoseletronicos/5.8.16/html_ajuda/municipioshomologados/fornecedor-vitoria.htm
Documentos Eletrônicos,Html Ajuda,Fornecedor WebISS - versão 1.00,https://documentacao.senior.com.br/documentoseletronicos/5.8.16/html_ajuda/municipioshomologados/fornecedor-web-iss-1-00.htm
Documentos Eletrônicos,Html Ajuda,Fornecedor WebISS - versão 2.02,https://documentacao.senior.com.br/documentoseletronicos/5.8.16/html_ajuda/municipioshomologados/fornecedor-web-iss-2-02.htm
Documentos Eletrônicos,Html Ajuda,Fornecedor WebIss (Reforma Tributária),https://documentacao.senior.com.br/documentoseletronicos/5.8.16/html_ajuda/municipioshomologados/fornecedor-webiss-reforma-tributaria.htm
Documentos Eletrônicos,Html Ajuda,Fornecedor eTransparencia,https://documentacao.senior.com.br/documentoseletronicos/5.8.16/html_ajuda/municipioshomologados/fornecedor_etransparencia.htm
Documentos Eletrônicos,Html Ajuda,Fornecedor iiBrasil,https://documentacao.senior.com.br/documentoseletronicos/5.8.16/html_ajuda/municipioshomologados/fornecedor-iibrasil.htm
Documentos Eletrônicos,Html Ajuda,Fornecedor Ábaco,https://documentacao.senior.com.br/documentoseletronicos/5.8.16/html_ajuda/municipioshomologados/fornecedor-abaco.htm
Documentos Eletrônicos,Html Ajuda,Fornecedor Ábaco - versão 2.04,https://documentacao.senior.com.br/documentoseletronicos/5.8.16/html_ajuda/municipioshomologados/fornecedor-abaco-2.04.htm
Documentos Eletrônicos,Html Ajuda,Fornecedores,https://documentacao.senior.com.br/documentoseletronicos/5.8.16/html_ajuda/municipioshomologados/lista-fornecedores.htm
Documentos Eletrônicos,Html Ajuda,Função adicional para envio de e-mail ,https://documentacao.senior.com.br/documentoseletronicos/5.8.16/html_ajuda/enviaremail.htm
Documentos Eletrônicos,Html Ajuda,GNRE,https://documentacao.senior.com.br/documentoseletronicos/5.8.16/html_ajuda/gnre/conceito.htm
Documentos Eletrônicos,Html Ajuda,Gerais,https://documentacao.senior.com.br/documentoseletronicos/5.8.16/html_ajuda/frcadastrogeral.htm
Documentos Eletrônicos,Html Ajuda,Gerar manifestação de destinatário,https://documentacao.senior.com.br/documentoseletronicos/5.8.16/html_ajuda/gerar-manifestacao-de-destinatario.htm
Documentos Eletrônicos,Html Ajuda,Homologação de Prefeituras para a Reforma Tributária (Emissor Próprio),https://documentacao.senior.com.br/documentoseletronicos/5.8.16/html_ajuda/reforma_orientacoes.htm
Documentos Eletrônicos,Html Ajuda,Impressão em arquivo PDF,https://documentacao.senior.com.br/documentoseletronicos/5.8.16/html_ajuda/impressao/impressao-pdf.htm
Documentos Eletrônicos,Html Ajuda,Impressão padrão (com filtros),https://documentacao.senior.com.br/documentoseletronicos/5.8.16/html_ajuda/impressao/impressora-com-filtros.htm
Documentos Eletrônicos,Html Ajuda,Impressão padrão (sem filtros),https://documentacao.senior.com.br/documentoseletronicos/5.8.16/html_ajuda/impressao/impressora-sem-filtros.htm
Documentos Eletrônicos,Html Ajuda,Impressão remota,https://documentacao.senior.com.br/documentoseletronicos/5.8.16/html_ajuda/impressao/impressao-remota.htm
Documentos Eletrônicos,Html Ajuda,Informações da tag \u003cinfSenior\u003e - CT-e,https://documentacao.senior.com.br/documentoseletronicos/5.8.16/html_ajuda/documentacaoprocesso/ct-e/tag-infsenior-cte.htm
Documentos Eletrônicos,Html Ajuda,Informações da tag \u003cinfSenior\u003e - MDF-e,https://documentacao.senior.com.br/documentoseletronicos/5.8.16/html_ajuda/documentacaoprocesso/mdf-e/tag-infsenior-mdfe.htm
Documentos Eletrônicos,Html Ajuda,Informações da tag \u003cinfSenior\u003e - NF-e,https://documentacao.senior.com.br/documentoseletronicos/5.8.16/html_ajuda/documentacaoprocesso/nf-e/tag-infsenior-nfe.htm
Documentos Eletrônicos,Html Ajuda,Informações da tag \u003cinfSenior\u003e - NFS-e (Layout 1.00 – em descontinuação),https://documentacao.senior.com.br/documentoseletronicos/5.8.16/html_ajuda/documentacaoprocesso/nfse/tag-infsenior.htm
Documentos Eletrônicos,Html Ajuda,Informações da tag \u003cinfSenior\u003e - eSocial,https://documentacao.senior.com.br/documentoseletronicos/5.8.16/html_ajuda/esocial/tag-infsenior-esocial.htm
Documentos Eletrônicos,Html Ajuda,Informações da tag \u003cinfSenior\u003e versão 2.00,https://documentacao.senior.com.br/documentoseletronicos/5.8.16/html_ajuda/emissao-nfse-reforma-tributaria-infsenior-v2-00.htm
Documentos Eletrônicos,Html Ajuda,Informações da tag \u003cinfsenior\u003e - GNRE,https://documentacao.senior.com.br/documentoseletronicos/5.8.16/html_ajuda/documentacaoprocesso/gnre/tag-infsenior-gnre.htm
Documentos Eletrônicos,Html Ajuda,Informações de ambiente,https://documentacao.senior.com.br/documentoseletronicos/5.8.16/html_ajuda/guia-informativo/premissas.htm
Documentos Eletrônicos,Html Ajuda,Iniciais,https://documentacao.senior.com.br/documentoseletronicos/5.8.16/html_ajuda/esocial/evento-inicial.htm
Documentos Eletrônicos,Html Ajuda,Integração ERP UAU/Globaltec,https://documentacao.senior.com.br/documentoseletronicos/5.8.16/html_ajuda/guia-informativo/integracao-erp-uau-globaltec.htm
Documentos Eletrônicos,Html Ajuda,Integração com o Gestão Empresarial | ERP,https://documentacao.senior.com.br/documentoseletronicos/5.8.16/html_ajuda/guia-informativo/integracao-erp.htm
Documentos Eletrônicos,Html Ajuda,Integração eDocs x Recintos aduaneiros,https://documentacao.senior.com.br/documentoseletronicos/5.8.16/html_ajuda/recintos-aduaneiros/integracao-recintos-aduaneiros.htm
Documentos Eletrônicos,Html Ajuda,Integração eDocs x Softran,https://documentacao.senior.com.br/documentoseletronicos/5.8.16/html_ajuda/softran/integracao-softran.htm
Documentos Eletrônicos,Html Ajuda,Leiaute PDF/XML padronizado - Recebimentos NFS-e,https://documentacao.senior.com.br/documentoseletronicos/5.8.16/html_ajuda/documentacaoprocesso/nfse/xml-recebimento-nfse.htm
Documentos Eletrônicos,Html Ajuda,Licenças,https://documentacao.senior.com.br/documentoseletronicos/5.8.16/html_ajuda/frproprietaria.htm
Documentos Eletrônicos,Html Ajuda,Lista de fornecedores para emissão de NFS-e homologados para a Reforma Tributária,https://documentacao.senior.com.br/documentoseletronicos/5.8.16/html_ajuda/municipioshomologados/lista-fornecedores-emissao-nfs-e-homologados-rt.htm
Documentos Eletrônicos,Html Ajuda,Logs,https://documentacao.senior.com.br/documentoseletronicos/5.8.16/html_ajuda/sistema/log.htm
Documentos Eletrônicos,Html Ajuda,MDF-e,https://documentacao.senior.com.br/documentoseletronicos/5.8.16/html_ajuda/documentacaoprocesso/mdf-e/conceito.htm
Documentos Eletrônicos,Html Ajuda,Manifestações do Destinatário,https://documentacao.senior.com.br/documentoseletronicos/5.8.16/html_ajuda/consultamanifestacao.htm
Documentos Eletrônicos,Html Ajuda,Manutenção de Prefeituras,https://documentacao.senior.com.br/documentoseletronicos/5.8.16/html_ajuda/frmntprefeituras.htm
Documentos Eletrônicos,Html Ajuda,Matriz de compatibilidade ,https://documentacao.senior.com.br/documentoseletronicos/5.8.16/html_ajuda/matriz-compatibilidade.htm
Documentos Eletrônicos,Html Ajuda,Modelo Cloud de processamento,https://documentacao.senior.com.br/documentoseletronicos/5.8.16/html_ajuda/modelo-cloud-processamento.htm
Documentos Eletrônicos,Html Ajuda,NF3e,https://documentacao.senior.com.br/documentoseletronicos/5.8.16/html_ajuda/documentacaoprocesso/nf3-e/conceito-nf3e.htm
Documentos Eletrônicos,Html Ajuda,NFC-e,https://documentacao.senior.com.br/documentoseletronicos/5.8.16/html_ajuda/documentacaoprocesso/nfc-e/conceito.htm
Documentos Eletrônicos,Html Ajuda,NFCom,https://documentacao.senior.com.br/documentoseletronicos/5.8.16/html_ajuda/nfcom/conceito.htm
Documentos Eletrônicos,Html Ajuda,Não Periódicos,https://documentacao.senior.com.br/documentoseletronicos/5.8.16/html_ajuda/esocial/evento-nao-periodico.htm
Documentos Eletrônicos,Html Ajuda,Obtenção CODIF,https://documentacao.senior.com.br/documentoseletronicos/5.8.16/html_ajuda/obtencaocodif.htm
Documentos Eletrônicos,Html Ajuda,PAF-ECF ,https://documentacao.senior.com.br/documentoseletronicos/5.8.16/html_ajuda/blocox/conceito.htm
Documentos Eletrônicos,Html Ajuda,Periódicos,https://documentacao.senior.com.br/documentoseletronicos/5.8.16/html_ajuda/esocial/evento-periodico.htm
Documentos Eletrônicos,Html Ajuda,Problemas de retorno - O que avaliar,https://documentacao.senior.com.br/documentoseletronicos/5.8.16/html_ajuda/guia-informativo/problemas-retorno.htm
Documentos Eletrônicos,Html Ajuda,Procuração eletrônica ,https://documentacao.senior.com.br/documentoseletronicos/5.8.16/html_ajuda/esocial/procuracao-eletronica.htm
Documentos Eletrônicos,Html Ajuda,Recebimentos CT-e,https://documentacao.senior.com.br/documentoseletronicos/5.8.16/html_ajuda/frrecebimentocte.htm
Documentos Eletrônicos,Html Ajuda,Recebimentos NF-e,https://documentacao.senior.com.br/documentoseletronicos/5.8.16/html_ajuda/frrecebimento.htm
Documentos Eletrônicos,Html Ajuda,Recebimentos NF3-e,https://documentacao.senior.com.br/documentoseletronicos/5.8.16/html_ajuda/frrecebimentonf3e.htm
Documentos Eletrônicos,Html Ajuda,Recebimentos NFCom,https://documentacao.senior.com.br/documentoseletronicos/5.8.16/html_ajuda/frrecebimentonfcom.htm
Documentos Eletrônicos,Html Ajuda,Recebimentos NFS-e,https://documentacao.senior.com.br/documentoseletronicos/5.8.16/html_ajuda/frrecebimentonfse.htm
Documentos Eletrônicos,Html Ajuda,Recintos Aduaneiros,https://documentacao.senior.com.br/documentoseletronicos/5.8.16/html_ajuda/documentacaoprocesso/recintos-aduaneiros/conceito-recintos-aduaneiros.htm
Documentos Eletrônicos,Html Ajuda,Regras para definição das informações de prestador,https://documentacao.senior.com.br/documentoseletronicos/5.8.16/html_ajuda/infomacaoprestadorpdf.htm
Documentos Eletrônicos,Html Ajuda,Relação de licenças vigentes,https://documentacao.senior.com.br/documentoseletronicos/5.8.16/html_ajuda/licencas/licencas-vigentes.htm
Documentos Eletrônicos,Html Ajuda,Retorno da integração por web services,https://documentacao.senior.com.br/documentoseletronicos/5.8.16/html_ajuda/webservices/codigo-mensagem-retorno.htm
Documentos Eletrônicos,Html Ajuda,Retorno manual via MCDebug,https://documentacao.senior.com.br/documentoseletronicos/5.8.16/html_ajuda/guia-informativo/retorno-mcdebug.htm
Documentos Eletrônicos,Html Ajuda,Retorno manual via SeniorSID,https://documentacao.senior.com.br/documentoseletronicos/5.8.16/html_ajuda/guia-informativo/retorno-depurasid.htm
Documentos Eletrônicos,Html Ajuda,Retorno por arquivo XML,https://documentacao.senior.com.br/documentoseletronicos/5.8.16/html_ajuda/retorno_por_arquivo_xml.htm
Documentos Eletrônicos,Html Ajuda,Selecionar impressora,https://documentacao.senior.com.br/documentoseletronicos/5.8.16/html_ajuda/impressao/selecionar-impressora.htm
Documentos Eletrônicos,Html Ajuda,Serviço eDocs vs Monitor vs IIS,https://documentacao.senior.com.br/documentoseletronicos/5.8.16/html_ajuda/guia-informativo/servicos.htm
Documentos Eletrônicos,Html Ajuda,Testes com arquivos XMLs,https://documentacao.senior.com.br/documentoseletronicos/5.8.16/html_ajuda/guia-informativo/teste-xml.htm
Documentos Eletrônicos,Html Ajuda,Unificação de eventos,https://documentacao.senior.com.br/documentoseletronicos/5.8.16/html_ajuda/esocial/unificacao-arquivo.htm
Documentos Eletrônicos,Html Ajuda,Validador de assinatura digital,https://documentacao.senior.com.br/documentoseletronicos/5.8.16/html_ajuda/guia-informativo/validador-assinatura.htm
Documentos Eletrônicos,Html Ajuda,Validadores XML SEFAZ,https://documentacao.senior.com.br/documentoseletronicos/5.8.16/html_ajuda/guia-informativo/validadores.htm
Documentos Eletrônicos,Html Ajuda,Validar XMLs com XSDs,https://documentacao.senior.com.br/documentoseletronicos/5.8.16/html_ajuda/guia-informativo/validar-xsd.htm
Documentos Eletrônicos,Html Ajuda,Verificar lotes de RPS,https://documentacao.senior.com.br/documentoseletronicos/5.8.16/html_ajuda/guia-informativo/verificar-lotes.htm
Documentos Eletrônicos,Html Ajuda,Verificações adicionais para recebimento de documentos eletrônicos,https://documentacao.senior.com.br/documentoseletronicos/5.8.16/html_ajuda/documentacaoprocesso/verificacoes-recebimento-eletronico.htm
Documentos Eletrônicos,Html Ajuda,Visualizar eventos de manifestação de destinatário,https://documentacao.senior.com.br/documentoseletronicos/5.8.16/html_ajuda/visualizar-eventos-de-manifestacao-de-destinatario.htm
Documentos Eletrônicos,Html Ajuda,eSocial,https://documentacao.senior.com.br/documentoseletronicos/5.8.16/html_ajuda/esocial/conceito.htm
Documentos Eletrônicos,Instalador,Configurador eDocs,https://documentacao.senior.com.br/documentoseletronicos/5.8.16/instalador/configurador.htm
Documentos Eletrônicos,Instalador,Configurando IIS,https://documentacao.senior.com.br/documentoseletronicos/5.8.16/instalador/configurar-iis.htm
Documentos Eletrônicos,Instalador,Dúvidas frequentes na criação de banco de dados,https://documentacao.senior.com.br/documentoseletronicos/5.8.16/instalador/questoes-banco-dados.htm
Documentos Eletrônicos,Instalador,Homologação de Sistemas Operacionais versus Protocolos de Comunicação Seguro (SSL/TLS),https://documentacao.senior.com.br/documentoseletronicos/5.8.16/instalador/homologacao-sistemas-operacionais.htm
Documentos Eletrônicos,Instalador,Instalação PrintService e Configurador,https://documentacao.senior.com.br/documentoseletronicos/5.8.16/instalador/instalacao-printservice.htm
Documentos Eletrônicos,Instalador,Instalação e atualização eDocs,https://documentacao.senior.com.br/documentoseletronicos/5.8.16/instalador/instalacao.htm
Documentos Eletrônicos,Instalador,Instalação e atualização via linha de comando,https://documentacao.senior.com.br/documentoseletronicos/5.8.16/instalador/instalacao-atualizacao-linha-comando.htm
Documentos Eletrônicos,Instalador,Linux,https://documentacao.senior.com.br/documentoseletronicos/5.8.16/instalador/instalador-linux.htm
Documentos Eletrônicos,Instalador,MongoDB,https://documentacao.senior.com.br/documentoseletronicos/5.8.16/instalador/mongodb.htm
Documentos Eletrônicos,Instalador,PrintService Linux,https://documentacao.senior.com.br/documentoseletronicos/5.8.16/instalador/printservice-linux.htm
Documentos Eletrônicos,Instalador,Pré-requisitos,https://documentacao.senior.com.br/documentoseletronicos/5.8.16/instalador/pre-requisitos.htm
Documentos Eletrônicos,Integracoes,Emissão de Conhecimento de Transporte Eletrônico (CT-e),https://documentacao.senior.com.br/documentoseletronicos/5.8.16/integracoes/emissao-cte-gestao-empresarial.htm
Documentos Eletrônicos,Integracoes,Emissão de Manifesto Eletrônico de Documentos Fiscais (MDF-e),https://documentacao.senior.com.br/documentoseletronicos/5.8.16/integracoes/emissao-mdfe-gestao-empresarial.htm
Documentos Eletrônicos,Integracoes,Emissão de Nota Fiscal Eletrônica (NF-e),https://documentacao.senior.com.br/documentoseletronicos/5.8.16/integracoes/emissao-nfe-gestao-empresarial.htm
Documentos Eletrônicos,Integracoes,Emissão de Nota Fiscal de Serviço Eletrônica (NFS-e),https://documentacao.senior.com.br/documentoseletronicos/5.8.16/integracoes/emissao-nfse-gestao-empresarial.htm
Documentos Eletrônicos,Integracoes,Parametrizações para integração com o Gestão Empresarial,https://documentacao.senior.com.br/documentoseletronicos/5.8.16/integracoes/parametrizacoes-gestao-empresarial.htm
Documentos Eletrônicos,Integracoes,Roteiro de integração eDocs,https://documentacao.senior.com.br/documentoseletronicos/5.8.16/integracoes/roteiro-integracao-edocs.htm
Exigências Legais,Avisos,Todos Os Avisos,https://documentacao.senior.com.br/exigenciaslegais/avisos/todos-os-avisos
Exigências Legais,Calendarios De Liberacao,Edocs,https://documentacao.senior.com.br/exigenciaslegais/calendarios-de-liberacao/edocs
Exigências Legais,Calendarios De Liberacao,Erp Mega Xt,https://documentacao.senior.com.br/exigenciaslegais/calendarios-de-liberacao/erp-mega-xt
Exigências Legais,Calendarios De Liberacao,Erp X,https://documentacao.senior.com.br/exigenciaslegais/calendarios-de-liberacao/erp-x
Exigências Legais,Calendarios De Liberacao,Erp Xt,https://documentacao.senior.com.br/exigenciaslegais/calendarios-de-liberacao/erp-xt
Exigências Legais,Calendarios De Liberacao,Hcm Xt,https://documentacao.senior.com.br/exigenciaslegais/calendarios-de-liberacao/hcm-xt
Exigências Legais,Calendarios De Liberacao,Tms Xt,https://documentacao.senior.com.br/exigenciaslegais/calendarios-de-liberacao/tms-xt
Exigências Legais,Calendarios De Liberacao,Uau Xt,https://documentacao.senior.com.br/exigenciaslegais/calendarios-de-liberacao/uau-xt
Exigências Legais,Calendarios De Liberacao,Wms,https://documentacao.senior.com.br/exigenciaslegais/calendarios-de-liberacao/wms
Exigências Legais,Cidades Homologadas Nfse,Cidades Homologadas Nfse,https://documentacao.senior.com.br/exigenciaslegais/cidades-homologadas-nfse/cidades-homologadas-nfse
Exigências Legais,Destaques,Bloco K,https://documentacao.senior.com.br/exigenciaslegais/destaques/bloco-k
Exigências Legais,Destaques,Cnpj Alfanumerico,https://documentacao.senior.com.br/exigenciaslegais/destaques/cnpj-alfanumerico
Exigências Legais,Destaques,Congresso Nacional,https://documentacao.senior.com.br/exigenciaslegais/destaques/congresso-nacional
Exigências Legais,Destaques,Credito Do Trabalhador,https://documentacao.senior.com.br/exigenciaslegais/destaques/credito-do-trabalhador
Exigências Legais,Destaques,Ct E,https://documentacao.senior.com.br/exigenciaslegais/destaques/ct-e
Exigências Legais,Destaques,Dctfweb,https://documentacao.senior.com.br/exigenciaslegais/destaques/dctfweb
Exigências Legais,Destaques,Difal,https://documentacao.senior.com.br/exigenciaslegais/destaques/difal
Exigências Legais,Destaques,Dirbi,https://documentacao.senior.com.br/exigenciaslegais/destaques/dirbi
Exigências Legais,Destaques,Ecf,https://documentacao.senior.com.br/exigenciaslegais/destaques/ecf
Exigências Legais,Destaques,Efd Reinf,https://documentacao.senior.com.br/exigenciaslegais/destaques/efd-reinf
Exigências Legais,Destaques,Esocial,https://documentacao.senior.com.br/exigenciaslegais/destaques/esocial
Exigências Legais,Destaques,Fgts Digital,https://documentacao.senior.com.br/exigenciaslegais/destaques/fgts-digital
Exigências Legais,Destaques,Icms St,https://documentacao.senior.com.br/exigenciaslegais/destaques/icms-st
Exigências Legais,Destaques,Imposto De Renda 2026,https://documentacao.senior.com.br/exigenciaslegais/destaques/imposto-de-renda-2026
Exigências Legais,Destaques,Nfe Nfce,https://documentacao.senior.com.br/exigenciaslegais/destaques/nfe-nfce
Exigências Legais,Destaques,Nr1 Riscos Psicossociais,https://documentacao.senior.com.br/exigenciaslegais/destaques/nr1-riscos-psicossociais
Exigências Legais,Destaques,Portaria 671,https://documentacao.senior.com.br/exigenciaslegais/destaques/portaria-671
Exigências Legais,Destaques,Reforma Tributaria,https://documentacao.senior.com.br/exigenciaslegais/destaques/reforma-tributaria
Exigências Legais,Destaques,Simples Nacional,https://documentacao.senior.com.br/exigenciaslegais/destaques/simples-nacional
Exigências Legais,Destaques,Sped,https://documentacao.senior.com.br/exigenciaslegais/destaques/sped
Exigências Legais,Noticias,Todas As Noticias,https://documentacao.senior.com.br/exigenciaslegais/noticias/todas-as-noticias
Exigências Legais,Noticias,Todas Noticias Estadual,https://documentacao.senior.com.br/exigenciaslegais/noticias/estadual/todas-noticias-estadual
Exigências Legais,Noticias,Todas Noticias Federal,https://documentacao.senior.com.br/exigenciaslegais/noticias/federal/todas-noticias-federal
Exigências Legais,Noticias,Todas Noticias Trabalhista Previdenciaria,https://documentacao.senior.com.br/exigenciaslegais/noticias/trabalhista-previdenciaria/todas-noticias-trabalhista-previdenciaria
Ronda,Analytics Ronda,Controle de Acesso,https://documentacao.senior.com.br/seniorxplatform/manual-do-usuario/ronda/analytics-ronda/analytics-controle-de-acesso.htm
Ronda,Analytics Ronda,Gestão de Ocorrência,https://documentacao.senior.com.br/seniorxplatform/manual-do-usuario/ronda/analytics-ronda/analytics-gestao-de-ocorrencia.htm
Ronda,Analytics Ronda,Gestão de Portarias,https://documentacao.senior.com.br/seniorxplatform/manual-do-usuario/ronda/analytics-ronda/analytics-gestao-de-portarias.htm
Ronda,Analytics Ronda,Gestão de Rotinas,https://documentacao.senior.com.br/seniorxplatform/manual-do-usuario/ronda/analytics-ronda/analytics-gestao-de-rotinas.htm
Ronda,Analytics Ronda,Gestão de Terceiros (Administrador por Contrato),https://documentacao.senior.com.br/seniorxplatform/manual-do-usuario/ronda/analytics-ronda/analytics-gestao-de-terceiros-administrador.htm
Ronda,Analytics Ronda,Indicadores OEE,https://documentacao.senior.com.br/seniorxplatform/manual-do-usuario/ronda/analytics-ronda/analytics-indicadores-oee.htm
Ronda,Analytics Ronda,Terminais de Ponto,https://documentacao.senior.com.br/seniorxplatform/manual-do-usuario/ronda/analytics-ronda/analytics-controle-de-terminais-de-ponto.htm
Ronda,Cadastros Gerais,Abrangência,https://documentacao.senior.com.br/seniorxplatform/manual-do-usuario/ronda/cadastros-gerais/abrangencia.htm
Ronda,Cadastros Gerais,Consentimentos,https://documentacao.senior.com.br/seniorxplatform/manual-do-usuario/ronda/cadastros-gerais/consentimentos.htm
Ronda,Cadastros Gerais,Estruturas organizacionais,https://documentacao.senior.com.br/seniorxplatform/manual-do-usuario/ronda/cadastros-gerais/estruturas-organizacionais.htm
Ronda,Cadastros Gerais,Feriados,https://documentacao.senior.com.br/seniorxplatform/manual-do-usuario/ronda/cadastros-gerais/feriados.htm
Ronda,Cadastros Gerais,Fusos horários,https://documentacao.senior.com.br/seniorxplatform/manual-do-usuario/ronda/cadastros-gerais/fuso-horario.htm
Ronda,Cadastros Gerais,Grupos,https://documentacao.senior.com.br/seniorxplatform/manual-do-usuario/ronda/cadastros-gerais/grupos.htm
Ronda,Cadastros Gerais,Locais físicos,https://documentacao.senior.com.br/seniorxplatform/manual-do-usuario/ronda/cadastros-gerais/locais-fisicos.htm
Ronda,Cadastros Gerais,Localizações internacionais,https://documentacao.senior.com.br/seniorxplatform/manual-do-usuario/ronda/cadastros-gerais/localizacoes-internacionais.htm
Ronda,Cadastros Gerais,Papéis,https://documentacao.senior.com.br/seniorxplatform/manual-do-usuario/ronda/cadastros-gerais/papeis.htm
Ronda,Cadastros Gerais,Pessoas,https://documentacao.senior.com.br/seniorxplatform/manual-do-usuario/ronda/cadastros-gerais/pessoas.htm
Ronda,Cadastros Gerais,Preferências do usuário,https://documentacao.senior.com.br/seniorxplatform/manual-do-usuario/ronda/cadastros-gerais/minhas-preferencias.htm
Ronda,Cadastros Gerais,Telefones,https://documentacao.senior.com.br/seniorxplatform/manual-do-usuario/ronda/cadastros-gerais/telefones.htm
Ronda,Cadastros Gerais,Termos de consentimento,https://documentacao.senior.com.br/seniorxplatform/manual-do-usuario/ronda/cadastros-gerais/termos-de-consentimento.htm
Ronda,Cadastros Gerais,Tipos de documentos,https://documentacao.senior.com.br/seniorxplatform/manual-do-usuario/ronda/cadastros-gerais/tipos-documentos.htm
Ronda,Cadastros Gerais,Usuário,https://documentacao.senior.com.br/seniorxplatform/manual-do-usuario/ronda/cadastros-gerais/usuario.htm
Ronda,Cadastros Gerais,Veículos,https://documentacao.senior.com.br/seniorxplatform/manual-do-usuario/ronda/cadastros-gerais/veiculos.htm
Ronda,Caracteristicas Do Sistema.Htm,Características do sistema,https://documentacao.senior.com.br/seniorxplatform/manual-do-usuario/ronda/caracteristicas-do-sistema.htm
Ronda,Consultas,Consulta de ativos de segurança,https://documentacao.senior.com.br/seniorxplatform/manual-do-usuario/ronda/consultas/consulta-de-ativos-de-seguranca.htm
Ronda,Consultas,Consulta de eventos,https://documentacao.senior.com.br/seniorxplatform/manual-do-usuario/ronda/consultas/eventos.htm
Ronda,Consultas,Consultas,https://documentacao.senior.com.br/seniorxplatform/manual-do-usuario/ronda/consultas/consultas.htm
Ronda,Consultas,Proprietária,https://documentacao.senior.com.br/seniorxplatform/manual-do-usuario/ronda/consultas/proprietarias.htm
Ronda,Consultas,Visões dinâmicas,https://documentacao.senior.com.br/seniorxplatform/manual-do-usuario/ronda/consultas/visoes-dinamicas.htm
Ronda,Controle De Acesso,Agendamentos,https://documentacao.senior.com.br/seniorxplatform/manual-do-usuario/ronda/controle-de-acesso/agendamentos.htm
Ronda,Controle De Acesso,Apollo,https://documentacao.senior.com.br/seniorxplatform/manual-do-usuario/ronda/controle-de-acesso/apollo.htm
Ronda,Controle De Acesso,Barreiras virtuais,https://documentacao.senior.com.br/seniorxplatform/manual-do-usuario/ronda/controle-de-acesso/barreiras-virtuais.htm
Ronda,Controle De Acesso,Credenciais,https://documentacao.senior.com.br/seniorxplatform/manual-do-usuario/ronda/controle-de-acesso/credencial.htm
Ronda,Controle De Acesso,Credenciais Virtuais,https://documentacao.senior.com.br/seniorxplatform/manual-do-usuario/ronda/controle-de-acesso/credenciais-virtuais.htm
Ronda,Controle De Acesso,Credenciais provisórias,https://documentacao.senior.com.br/seniorxplatform/manual-do-usuario/ronda/controle-de-acesso/credencial-provisoria.htm
Ronda,Controle De Acesso,Créditos de acesso,https://documentacao.senior.com.br/seniorxplatform/manual-do-usuario/ronda/controle-de-acesso/creditos-acesso.htm
Ronda,Controle De Acesso,Drivers,https://documentacao.senior.com.br/seniorxplatform/manual-do-usuario/ronda/controle-de-acesso/drivers.htm
Ronda,Controle De Acesso,Escalas,https://documentacao.senior.com.br/seniorxplatform/manual-do-usuario/ronda/controle-de-acesso/escalas.htm
Ronda,Controle De Acesso,Faixas horárias,https://documentacao.senior.com.br/seniorxplatform/manual-do-usuario/ronda/controle-de-acesso/faixas-horarias.htm
Ronda,Controle De Acesso,Formatos de cartões,https://documentacao.senior.com.br/seniorxplatform/manual-do-usuario/ronda/controle-de-acesso/formatos-cartoes.htm
Ronda,Controle De Acesso,Liberação de faixa horária da pessoa,https://documentacao.senior.com.br/seniorxplatform/manual-do-usuario/ronda/controle-de-acesso/liberacao-faixa-horaria-pessoa.htm
Ronda,Controle De Acesso,Notificação de acesso,https://documentacao.senior.com.br/seniorxplatform/manual-do-usuario/ronda/controle-de-acesso/notificacao-acesso.htm
Ronda,Controle De Acesso,Propriedades do REP,https://documentacao.senior.com.br/seniorxplatform/manual-do-usuario/ronda/controle-de-acesso/propriedades-rep.htm
Ronda,Controle De Acesso,Propriedades extensíveis,https://documentacao.senior.com.br/seniorxplatform/manual-do-usuario/ronda/controle-de-acesso/propriedades-extensiveis.htm
Ronda,Controle De Acesso,Ronda Pass,https://documentacao.senior.com.br/seniorxplatform/manual-do-usuario/ronda/controle-de-acesso/ronda-pass.htm
Ronda,Controle De Acesso,Validação de acesso customizada,https://documentacao.senior.com.br/seniorxplatform/manual-do-usuario/ronda/controle-de-acesso/validacao-acesso-customizada.htm
Ronda,Downloads,Downloads,https://documentacao.senior.com.br/seniorxplatform/manual-do-usuario/ronda/downloads/downloads.htm
Ronda,Downloads,Integração com periféricos - SeniorReaders,https://documentacao.senior.com.br/seniorxplatform/manual-do-usuario/ronda/downloads/integracao-perifericos-samreaders.htm
Ronda,Faq.Htm,Perguntas Frequentes,https://documentacao.senior.com.br/seniorxplatform/manual-do-usuario/ronda/faq.htm
Ronda,Gestao De Rotinas,Alarme de pânico,https://documentacao.senior.com.br/seniorxplatform/manual-do-usuario/ronda/gestao-de-rotinas/aplicativo-gestao-de-rotinas/alarme-de-panico.htm
Ronda,Gestao De Rotinas,Cadastro,https://documentacao.senior.com.br/seniorxplatform/manual-do-usuario/ronda/gestao-de-rotinas/dispositivos-moveis/cadastro.htm
Ronda,Gestao De Rotinas,Checklists,https://documentacao.senior.com.br/seniorxplatform/manual-do-usuario/ronda/gestao-de-rotinas/checklist.htm
Ronda,Gestao De Rotinas,Consulta de Rotinas,https://documentacao.senior.com.br/seniorxplatform/manual-do-usuario/ronda/gestao-de-rotinas/consulta-de-rotinas.htm
Ronda,Gestao De Rotinas,Consulta de rotinas rejeitadas,https://documentacao.senior.com.br/seniorxplatform/manual-do-usuario/ronda/gestao-de-rotinas/consulta-de-rotinas-rejeitadas.htm
Ronda,Gestao De Rotinas,Contatos,https://documentacao.senior.com.br/seniorxplatform/manual-do-usuario/ronda/gestao-de-rotinas/aplicativo-gestao-de-rotinas/contatos.htm
Ronda,Gestao De Rotinas,Contatos,https://documentacao.senior.com.br/seniorxplatform/manual-do-usuario/ronda/gestao-de-rotinas/contatos.htm
Ronda,Gestao De Rotinas,Dispositivos Móveis,https://documentacao.senior.com.br/seniorxplatform/manual-do-usuario/ronda/gestao-de-rotinas/dispositivos-moveis.htm
Ronda,Gestao De Rotinas,Entrar e Validar Token,https://documentacao.senior.com.br/seniorxplatform/manual-do-usuario/ronda/gestao-de-rotinas/aplicativo-gestao-de-rotinas/entrar-e-validar-token.htm
Ronda,Gestao De Rotinas,Fazer Checklists,https://documentacao.senior.com.br/seniorxplatform/manual-do-usuario/ronda/gestao-de-rotinas/aplicativo-gestao-de-rotinas/fazer-checklists.htm
Ronda,Gestao De Rotinas,Iniciar a rotina,https://documentacao.senior.com.br/seniorxplatform/manual-do-usuario/ronda/gestao-de-rotinas/aplicativo-gestao-de-rotinas/iniciar-rotina.htm
Ronda,Gestao De Rotinas,Menu principal e rotinas,https://documentacao.senior.com.br/seniorxplatform/manual-do-usuario/ronda/gestao-de-rotinas/aplicativo-gestao-de-rotinas/menu-e-rotinas.htm
Ronda,Gestao De Rotinas,Monitoramento do Dispositivo Móvel,https://documentacao.senior.com.br/seniorxplatform/manual-do-usuario/ronda/gestao-de-rotinas/dispositivos-moveis/monitoramento-dispositivo-movel.htm
Ronda,Gestao De Rotinas,Perguntas frequentes (FAQ),https://documentacao.senior.com.br/seniorxplatform/manual-do-usuario/ronda/gestao-de-rotinas/faq.htm
Ronda,Gestao De Rotinas,Planos de Rotinas,https://documentacao.senior.com.br/seniorxplatform/manual-do-usuario/ronda/gestao-de-rotinas/plano-de-rotina.htm
Ronda,Gestao De Rotinas,Pontos de Controle,https://documentacao.senior.com.br/seniorxplatform/manual-do-usuario/ronda/gestao-de-rotinas/pontos-de-controle.htm
Ronda,Gestao De Rotinas,Processos Gerais,https://documentacao.senior.com.br/seniorxplatform/manual-do-usuario/ronda/gestao-de-rotinas/processos-gerais.htm
Ronda,Gestao De Rotinas,Realizar justificativa,https://documentacao.senior.com.br/seniorxplatform/manual-do-usuario/ronda/gestao-de-rotinas/aplicativo-gestao-de-rotinas/justificativa.htm
Ronda,Gestao De Rotinas,Registrar Ocorrências,https://documentacao.senior.com.br/seniorxplatform/manual-do-usuario/ronda/gestao-de-rotinas/aplicativo-gestao-de-rotinas/registrar-ocorrencias.htm
Ronda,Gestao De Rotinas,Relatório de Checklists,https://documentacao.senior.com.br/seniorxplatform/manual-do-usuario/ronda/gestao-de-rotinas/relatorio/relatorio-de-checklists.htm
Ronda,Gestao De Rotinas,Relatório de Rotinas,https://documentacao.senior.com.br/seniorxplatform/manual-do-usuario/ronda/gestao-de-rotinas/relatorio/relatorio-de-rotinas.htm
Ronda,Gestao De Rotinas,Requisitos,https://documentacao.senior.com.br/seniorxplatform/manual-do-usuario/ronda/gestao-de-rotinas/requisitos.htm
Ronda,Gestao De Rotinas,Termos de Uso - Gestão de Rotinas,https://documentacao.senior.com.br/seniorxplatform/manual-do-usuario/ronda/gestao-de-rotinas/aplicativo-gestao-de-rotinas/termo-politica-de-privacidade.htm
Ronda,Gestao De Rotinas,Trial - Gestão de Rotinas,https://documentacao.senior.com.br/seniorxplatform/manual-do-usuario/ronda/gestao-de-rotinas/aplicativo-gestao-de-rotinas/funcionalidades-do-trial.htm
Ronda,Gestao De Rotinas,Verificar localização,https://documentacao.senior.com.br/seniorxplatform/manual-do-usuario/ronda/gestao-de-rotinas/aplicativo-gestao-de-rotinas/verificar-localizacao.htm
Ronda,Gestao De Rotinas,Visualizar Pontos de controle,https://documentacao.senior.com.br/seniorxplatform/manual-do-usuario/ronda/gestao-de-rotinas/aplicativo-gestao-de-rotinas/visualizar-pontos-de-controle.htm
Ronda,Gestao De Terceiros,Atividades exercidas,https://documentacao.senior.com.br/seniorxplatform/manual-do-usuario/ronda/gestao-de-terceiros/atividades-exercidas.htm
Ronda,Gestao De Terceiros,Bloqueio de terceiros,https://documentacao.senior.com.br/seniorxplatform/manual-do-usuario/ronda/gestao-de-terceiros/bloqueio-terceiros.htm
Ronda,Gestao De Terceiros,Cadastro de contratos,https://documentacao.senior.com.br/seniorxplatform/manual-do-usuario/ronda/gestao-de-terceiros/contratos.htm
Ronda,Gestao De Terceiros,Cadastro de empresas terceiras,https://documentacao.senior.com.br/seniorxplatform/manual-do-usuario/ronda/gestao-de-terceiros/empresa-terceira.htm
Ronda,Gestao De Terceiros,Competências,https://documentacao.senior.com.br/seniorxplatform/manual-do-usuario/ronda/gestao-de-terceiros/documentos-mensais/competencias.htm
Ronda,Gestao De Terceiros,Configuração de Exigência de Documentos Mensais,https://documentacao.senior.com.br/seniorxplatform/manual-do-usuario/ronda/gestao-de-terceiros/documentos-mensais/configuracao-exigencia.htm
Ronda,Gestao De Terceiros,Configuração padrão de contratos,https://documentacao.senior.com.br/seniorxplatform/manual-do-usuario/ronda/gestao-de-terceiros/configuracao-padrao-de-contratos.htm
Ronda,Gestao De Terceiros,Criação de campos customizados,https://documentacao.senior.com.br/seniorxplatform/manual-do-usuario/ronda/gestao-de-terceiros/criacao-campos-customizados.htm
Ronda,Gestao De Terceiros,Criação de fluxos de aprovação,https://documentacao.senior.com.br/seniorxplatform/manual-do-usuario/ronda/gestao-de-terceiros/criacao-fluxos-aprovacao.htm
Ronda,Gestao De Terceiros,Documentos mensais,https://documentacao.senior.com.br/seniorxplatform/manual-do-usuario/ronda/gestao-de-terceiros/documentos-mensais/documentos-mensais.htm
Ronda,Gestao De Terceiros,Papéis e permissões,https://documentacao.senior.com.br/seniorxplatform/manual-do-usuario/ronda/gestao-de-terceiros/papeis-e-permissoes.htm
Ronda,Gestao De Terceiros,Processos de empresa terceira,https://documentacao.senior.com.br/seniorxplatform/manual-do-usuario/ronda/gestao-de-terceiros/processos-empresa-terceira.htm
Ronda,Gestao De Terceiros,Processos gerais,https://documentacao.senior.com.br/seniorxplatform/manual-do-usuario/ronda/gestao-de-terceiros/processos-gerais.htm
Ronda,Gestao De Terceiros,Tipos de contratos,https://documentacao.senior.com.br/seniorxplatform/manual-do-usuario/ronda/gestao-de-terceiros/tipos-de-contratos.htm
Ronda,Gestao Portarias,Agendamentos de Veículos,https://documentacao.senior.com.br/seniorxplatform/manual-do-usuario/ronda/gestao-portarias/portaria-veiculos/agendamento-veiculos.htm
Ronda,Gestao Portarias,Agendamentos de visitantes,https://documentacao.senior.com.br/seniorxplatform/manual-do-usuario/ronda/gestao-portarias/portaria-pessoas/agendamentos-visitantes.htm
Ronda,Gestao Portarias,Buscas,https://documentacao.senior.com.br/seniorxplatform/manual-do-usuario/ronda/gestao-portarias/buscas.htm
Ronda,Gestao Portarias,Convite para visitantes,https://documentacao.senior.com.br/seniorxplatform/manual-do-usuario/ronda/gestao-portarias/convite-para-visitantes.htm
Ronda,Gestao Portarias,Detalhes da pessoa,https://documentacao.senior.com.br/seniorxplatform/manual-do-usuario/ronda/gestao-portarias/detalhes-pessoa.htm
Ronda,Gestao Portarias,Detalhes do grupo e do papel,https://documentacao.senior.com.br/seniorxplatform/manual-do-usuario/ronda/gestao-portarias/detalhes-grupo-papel.htm
Ronda,Gestao Portarias,Detalhes do veículo,https://documentacao.senior.com.br/seniorxplatform/manual-do-usuario/ronda/gestao-portarias/detalhes-veiculo.htm
Ronda,Gestao Portarias,Fabricantes de terminais de autoatendimento,https://documentacao.senior.com.br/seniorxplatform/manual-do-usuario/ronda/gestao-portarias/autoatendimento/fabricantes-terminais-autoatendimento.htm
Ronda,Gestao Portarias,Instalação e configuração dos terminais de autoatendimento,https://documentacao.senior.com.br/seniorxplatform/manual-do-usuario/ronda/gestao-portarias/autoatendimento/instalacao-configuracao-terminais-autoatendimento.htm
Ronda,Gestao Portarias,Motivo de solicitação de credencial provisória,https://documentacao.senior.com.br/seniorxplatform/manual-do-usuario/ronda/gestao-portarias/autoatendimento/motivo-solicitacao-credencial-provisoria.htm
Ronda,Gestao Portarias,Operações de portarias virtuais,https://documentacao.senior.com.br/seniorxplatform/manual-do-usuario/ronda/gestao-portarias/operacoes-portarias-virtuais.htm
Ronda,Gestao Portarias,Pesquisa de satisfação,https://documentacao.senior.com.br/seniorxplatform/manual-do-usuario/ronda/gestao-portarias/autoatendimento/pesquisa-de-satisfacao.htm
Ronda,Gestao Portarias,Portal de Visitantes,https://documentacao.senior.com.br/seniorxplatform/manual-do-usuario/ronda/gestao-portarias/portal-de-visitantes.htm
Ronda,Gestao Portarias,Portaria,https://documentacao.senior.com.br/seniorxplatform/manual-do-usuario/ronda/gestao-portarias/portaria.htm
Ronda,Gestao Portarias,Portaria remota,https://documentacao.senior.com.br/seniorxplatform/manual-do-usuario/ronda/gestao-portarias/portaria-remota.htm
Ronda,Gestao Portarias,Procedimento,https://documentacao.senior.com.br/seniorxplatform/manual-do-usuario/ronda/gestao-portarias/procedimentos.htm
Ronda,Gestao Portarias,Propriedades,https://documentacao.senior.com.br/seniorxplatform/manual-do-usuario/ronda/gestao-portarias/autoatendimento/propriedades.htm
Ronda,Gestao Portarias,Recepção,https://documentacao.senior.com.br/seniorxplatform/manual-do-usuario/ronda/gestao-portarias/portaria-pessoas/recepcao-visitantes.htm
Ronda,Gestao Portarias,Recepção,https://documentacao.senior.com.br/seniorxplatform/manual-do-usuario/ronda/gestao-portarias/portaria-veiculos/recepcao-veiculos.htm
Ronda,Gestao Portarias,Reconhecimento facial,https://documentacao.senior.com.br/seniorxplatform/manual-do-usuario/ronda/gestao-portarias/autoatendimento/reconhecimento-facial.htm
Ronda,Gestao Portarias,Recursos da visita,https://documentacao.senior.com.br/seniorxplatform/manual-do-usuario/ronda/gestao-portarias/recursos.htm
Ronda,Gestao Portarias,Tipo de visita,https://documentacao.senior.com.br/seniorxplatform/manual-do-usuario/ronda/gestao-portarias/tipo-de-visita.htm
Ronda,Home Analytics.Htm,Analytics Ronda,https://documentacao.senior.com.br/seniorxplatform/manual-do-usuario/ronda/home-analytics.htm
Ronda,Home Aplicativo Gestao De Rotinas.Htm,Aplicativo Gestão de Rotinas,https://documentacao.senior.com.br/seniorxplatform/manual-do-usuario/ronda/home-aplicativo-gestao-de-rotinas.htm
Ronda,Home Autoatendimento.Htm,Autoatendimento,https://documentacao.senior.com.br/seniorxplatform/manual-do-usuario/ronda/home-autoatendimento.htm
Ronda,Home Cadastros Gerais.Htm,Cadastros gerais,https://documentacao.senior.com.br/seniorxplatform/manual-do-usuario/ronda/home-cadastros-gerais.htm
Ronda,Home Controle De Acesso.Htm,Controle de acesso,https://documentacao.senior.com.br/seniorxplatform/manual-do-usuario/ronda/home-controle-de-acesso.htm
Ronda,Home Gestao De Portarias.Htm,Gestão de Portarias,https://documentacao.senior.com.br/seniorxplatform/manual-do-usuario/ronda/home-gestao-de-portarias.htm
Ronda,Home Gestao De Rotinas.Htm,Gestão de Rotinas,https://documentacao.senior.com.br/seniorxplatform/manual-do-usuario/ronda/home-gestao-de-rotinas.htm
Ronda,Home Gestao De Terceiros.Htm,Gestão de Terceiros,https://documentacao.senior.com.br/seniorxplatform/manual-do-usuario/ronda/home-gestao-de-terceiros.htm
Ronda,Home Implantacao.Htm,Implantação,https://documentacao.senior.com.br/seniorxplatform/manual-do-usuario/ronda/home-implantacao.htm
Ronda,Home Integracoes Dispositivos.Htm,Integrações com dispositivos,https://documentacao.senior.com.br/seniorxplatform/manual-do-usuario/ronda/home-integracoes-dispositivos.htm
Ronda,Home Integracoes.Htm,Integrações,https://documentacao.senior.com.br/seniorxplatform/manual-do-usuario/ronda/home-integracoes.htm
Ronda,Home Relatorios Gestao De Rotinas.Htm,Relatório,https://documentacao.senior.com.br/seniorxplatform/manual-do-usuario/ronda/home-relatorios-gestao-de-rotinas.htm
Ronda,Home Security Hub.Htm,Security Hub,https://documentacao.senior.com.br/seniorxplatform/manual-do-usuario/ronda/home-security-hub.htm
Ronda,Home.Htm,Ronda senior X - Manual do Usuário,https://documentacao.senior.com.br/seniorxplatform/manual-do-usuario/ronda/home.htm
Ronda,Implantacao,Abrangências,https://documentacao.senior.com.br/seniorxplatform/manual-do-usuario/ronda/implantacao/abrangencias/abrangencias.htm
Ronda,Implantacao,Abrangências de Cadastros Gerais e Controle de Acesso,https://documentacao.senior.com.br/seniorxplatform/manual-do-usuario/ronda/implantacao/abrangencias/abrangencia-cadastros-gerais.htm
Ronda,Implantacao,Abrangências do Gestão de Portarias ,https://documentacao.senior.com.br/seniorxplatform/manual-do-usuario/ronda/implantacao/abrangencias/abrangencia-gestao-portarias.htm
Ronda,Implantacao,Abrangências do Gestão de Rotinas,https://documentacao.senior.com.br/seniorxplatform/manual-do-usuario/ronda/implantacao/abrangencias/abrangencia-gestao-rotinas.htm
Ronda,Implantacao,Abrangências do Gestão de Terceiros,https://documentacao.senior.com.br/seniorxplatform/manual-do-usuario/ronda/implantacao/abrangencias/abrangencia-gestao-terceiros.htm
Ronda,Implantacao,Abrangências do Security Hub,https://documentacao.senior.com.br/seniorxplatform/manual-do-usuario/ronda/implantacao/abrangencias/abrangencia-security-hub.htm
Ronda,Implantacao,Arquitetura,https://documentacao.senior.com.br/seniorxplatform/manual-do-usuario/ronda/implantacao/arquitetura.htm
Ronda,Implantacao,Estruturas de acesso,https://documentacao.senior.com.br/seniorxplatform/manual-do-usuario/ronda/implantacao/acesso.htm
Ronda,Implantacao,Gestão de Terceiros,https://documentacao.senior.com.br/seniorxplatform/manual-do-usuario/ronda/implantacao/gestao-de-terceiros.htm
Ronda,Implantacao,Guia de implantação,https://documentacao.senior.com.br/seniorxplatform/manual-do-usuario/ronda/implantacao/guia-implantacao.htm
Ronda,Implantacao,Implantação de dispositivo,https://documentacao.senior.com.br/seniorxplatform/manual-do-usuario/ronda/implantacao/implantacao-de-dispositivo.htm
Ronda,Implantacao,Migração A-MAP x Security Hub,https://documentacao.senior.com.br/seniorxplatform/manual-do-usuario/ronda/implantacao/migracao-a-map-x-security-hub.htm
Ronda,Implantacao,Permissões de tela,https://documentacao.senior.com.br/seniorxplatform/manual-do-usuario/ronda/implantacao/permissoes.htm
Ronda,Implantacao,Requisitos,https://documentacao.senior.com.br/seniorxplatform/manual-do-usuario/ronda/implantacao/requisitos.htm
Ronda,Integracoes,APIs para integração com o Gestão de Terceiros,https://documentacao.senior.com.br/seniorxplatform/manual-do-usuario/ronda/integracoes/api-gestao-terceiros.htm
Ronda,Integracoes,Diagnóstico de acessos rejeitados,https://documentacao.senior.com.br/seniorxplatform/manual-do-usuario/ronda/integracoes/diagnostico-de-acessos-rejeitados.htm
Ronda,Integracoes,Integrador,https://documentacao.senior.com.br/seniorxplatform/manual-do-usuario/ronda/integracoes/integrador.htm
Ronda,Integracoes,Integrar credenciais de acesso,https://documentacao.senior.com.br/seniorxplatform/manual-do-usuario/ronda/integracoes/integracao-credenciais-acesso.htm
Ronda,Integracoes,Integrar eventos,https://documentacao.senior.com.br/seniorxplatform/manual-do-usuario/ronda/integracoes/integracao-eventos.htm
Ronda,Integracoes,Integrar feriados,https://documentacao.senior.com.br/seniorxplatform/manual-do-usuario/ronda/integracoes/integracao-feriados.htm
Ronda,Integracoes,Integrar ocorrências,https://documentacao.senior.com.br/seniorxplatform/manual-do-usuario/ronda/integracoes/integracao-ocorrencias.htm
Ronda,Integracoes,Integrar pessoas,https://documentacao.senior.com.br/seniorxplatform/manual-do-usuario/ronda/integracoes/integracao-pessoas.htm
Ronda,Integracoes,Integrar suspensão de papel,https://documentacao.senior.com.br/seniorxplatform/manual-do-usuario/ronda/integracoes/integracao-suspensao-papel.htm
Ronda,Integracoes,Integrar vínculo entre pessoa e agrupador,https://documentacao.senior.com.br/seniorxplatform/manual-do-usuario/ronda/integracoes/integracao-vinculo-pessoa-agrupador.htm
Ronda,Integracoes,Integrar vínculo entre pessoa e papel,https://documentacao.senior.com.br/seniorxplatform/manual-do-usuario/ronda/integracoes/integracao-vinculo-pessoa-papel.htm
Ronda,Integracoes,Integração do Gestão de Portarias,https://documentacao.senior.com.br/seniorxplatform/manual-do-usuario/ronda/integracoes/integracao-gestao-portarias.htm
Ronda,Integracoes,Integração do Gestão de Terceiros,https://documentacao.senior.com.br/seniorxplatform/manual-do-usuario/ronda/integracoes/integracao-gestao-terceiros.htm
Ronda,Integracoes,Integrações com outros sistemas,https://documentacao.senior.com.br/seniorxplatform/manual-do-usuario/ronda/integracoes/integracoes-com-outros-sistemas.htm
Ronda,Integracoes,Variáveis de integração,https://documentacao.senior.com.br/seniorxplatform/manual-do-usuario/ronda/integracoes/variaveis-de-integracao.htm
Ronda,Integracoes Com Dispositivos,Arquitetura de comunicação,https://documentacao.senior.com.br/seniorxplatform/manual-do-usuario/ronda/integracoes-com-dispositivos/arquitetura-de-comunicacao.htm
Ronda,Integracoes Com Dispositivos,Cadastro de fotos para reconhecimento facial,https://documentacao.senior.com.br/seniorxplatform/manual-do-usuario/ronda/integracoes-com-dispositivos/cadastro-de-fotos-para-reconhecimento-facial.htm
Ronda,Integracoes Com Dispositivos,Comandos para dispositivos,https://documentacao.senior.com.br/seniorxplatform/manual-do-usuario/ronda/integracoes-com-dispositivos/comandos.htm
Ronda,Integracoes Com Dispositivos,Dispositivos,https://documentacao.senior.com.br/seniorxplatform/manual-do-usuario/ronda/integracoes-com-dispositivos/dispositivos.htm
Ronda,Integracoes Com Dispositivos,Integração REP-P,https://documentacao.senior.com.br/seniorxplatform/manual-do-usuario/ronda/integracoes-com-dispositivos/integracao-rep-p.htm
Ronda,Integracoes Com Dispositivos,LPR - Reconhecimento de Placa de Veículo,https://documentacao.senior.com.br/seniorxplatform/manual-do-usuario/ronda/integracoes-com-dispositivos/lpr.htm
Ronda,Integracoes Com Dispositivos,Lista de integrações com dispositivos,https://documentacao.senior.com.br/seniorxplatform/manual-do-usuario/ronda/integracoes-com-dispositivos/lista-de-integracoes-com-dispositivos.htm
Ronda,Integracoes Com Dispositivos,Proxy SDK,https://documentacao.senior.com.br/seniorxplatform/manual-do-usuario/ronda/integracoes-com-dispositivos/proxy-sdk.htm
Ronda,Integracoes Com Dispositivos,Registradores Eletrônicos de Ponto e Portaria 671,https://documentacao.senior.com.br/seniorxplatform/manual-do-usuario/ronda/integracoes-com-dispositivos/registradores-eletronicos-de-ponto-e-portaria-671.htm
Ronda,Integracoes Com Dispositivos,SDK Ronda senior X,https://documentacao.senior.com.br/seniorxplatform/manual-do-usuario/ronda/integracoes-com-dispositivos/sdk-ronda-senior-x.htm
Ronda,Integracoes Com Dispositivos,Tempo de vida de registros,https://documentacao.senior.com.br/seniorxplatform/manual-do-usuario/ronda/integracoes-com-dispositivos/tempo-de-vida-registros.htm
Ronda,Lgpd.Htm,LGPD no Ronda senior X,https://documentacao.senior.com.br/seniorxplatform/manual-do-usuario/ronda/lgpd.htm
Ronda,Security Hub,Câmeras,https://documentacao.senior.com.br/seniorxplatform/manual-do-usuario/ronda/security-hub/cameras.htm
Ronda,Security Hub,Envio de Comandos,https://documentacao.senior.com.br/seniorxplatform/manual-do-usuario/ronda/security-hub/envio-de-comandos.htm
Ronda,Security Hub,Gestão de Ocorrências,https://documentacao.senior.com.br/seniorxplatform/manual-do-usuario/ronda/security-hub/gestao-de-ocorrencias.htm
Ronda,Security Hub,Monitoramento,https://documentacao.senior.com.br/seniorxplatform/manual-do-usuario/ronda/security-hub/monitoramento.htm
Ronda,Security Hub,Proxy CFTV,https://documentacao.senior.com.br/seniorxplatform/manual-do-usuario/ronda/security-hub/proxy-cftv.htm
Ronda,Security Hub,Segurança Cibernética,https://documentacao.senior.com.br/seniorxplatform/manual-do-usuario/ronda/security-hub/seguranca-cibernetica.htm
Ronda,Security Hub,Servidores CFTV,https://documentacao.senior.com.br/seniorxplatform/manual-do-usuario/ronda/security-hub/servidores.htm
Ronda,Validacao Migracao Ronda Senior Ronda Senior X.Htm,Processo de validação da migração Ronda Senior para Ronda senior X,https://documentacao.senior.com.br/seniorxplatform/manual-do-usuario/ronda/validacao-migracao-ronda-senior-ronda-senior-x.htm
SARA Agentes,Agronegocio,Agronegocio,https://documentacao.senior.com.br/sara-agentes/manual-do-usuario/agronegocio
SARA Agentes,Agronegocio,Prompts,https://documentacao.senior.com.br/sara-agentes/manual-do-usuario/agronegocio/prompts
SARA Agentes,Agronegocio,Sara Agrocheck Classificacao,https://documentacao.senior.com.br/sara-agentes/manual-do-usuario/agronegocio/sara-agrocheck-classificacao
SARA Agentes,Agronegocio,Sara Agrocheck Recebimento,https://documentacao.senior.com.br/sara-agentes/manual-do-usuario/agronegocio/sara-agrocheck-recebimento
SARA Agentes,Construcao,Agente Comercial,https://documentacao.senior.com.br/sara-agentes/manual-do-usuario/construcao/agente-comercial
SARA Agentes,Construcao,Analise De Empreiteiros,https://documentacao.senior.com.br/sara-agentes/manual-do-usuario/construcao/analise-de-empreiteiros
SARA Agentes,Construcao,Analise De Orcamento,https://documentacao.senior.com.br/sara-agentes/manual-do-usuario/construcao/analise-de-orcamento
SARA Agentes,Construcao,Analise De Planejamento,https://documentacao.senior.com.br/sara-agentes/manual-do-usuario/construcao/analise-de-planejamento
SARA Agentes,Construcao,Analise De Recebiveis,https://documentacao.senior.com.br/sara-agentes/manual-do-usuario/construcao/analise-de-recebiveis
SARA Agentes,Construcao,Construcao,https://documentacao.senior.com.br/sara-agentes/manual-do-usuario/construcao
SARA Agentes,Construcao,Gestao De Solicitacoes,https://documentacao.senior.com.br/sara-agentes/manual-do-usuario/construcao/gestao-de-solicitacoes
SARA Agentes,Erp,Compras,https://documentacao.senior.com.br/sara-agentes/manual-do-usuario/erp/sara-erp-senior-x/sara-backoffice/compras
SARA Agentes,Erp,Compras,https://documentacao.senior.com.br/sara-agentes/manual-do-usuario/erp/sara-erp-xt/sara-backoffice/compras
SARA Agentes,Erp,Contabil,https://documentacao.senior.com.br/sara-agentes/manual-do-usuario/erp/sara-erp-senior-x/sara-compliance-fiscal/contabil
SARA Agentes,Erp,Contabil,https://documentacao.senior.com.br/sara-agentes/manual-do-usuario/erp/sara-erp-xt/sara-backoffice/contabil
SARA Agentes,Erp,Erp,https://documentacao.senior.com.br/sara-agentes/manual-do-usuario/erp
SARA Agentes,Erp,Estoque,https://documentacao.senior.com.br/sara-agentes/manual-do-usuario/erp/sara-erp-senior-x/sara-backoffice/estoque
SARA Agentes,Erp,Faturamento,https://documentacao.senior.com.br/sara-agentes/manual-do-usuario/erp/sara-erp-senior-x/sara-backoffice/faturamento
SARA Agentes,Erp,Faturamento,https://documentacao.senior.com.br/sara-agentes/manual-do-usuario/erp/sara-erp-xt/sara-backoffice/faturamento
SARA Agentes,Erp,Financeiro,https://documentacao.senior.com.br/sara-agentes/manual-do-usuario/erp/sara-erp-senior-x/sara-backoffice/financeiro
SARA Agentes,Erp,Financeiro,https://documentacao.senior.com.br/sara-agentes/manual-do-usuario/erp/sara-erp-xt/sara-backoffice/financeiro
SARA Agentes,Erp,Fiscal,https://documentacao.senior.com.br/sara-agentes/manual-do-usuario/erp/sara-erp-senior-x/sara-compliance-fiscal/fiscal
SARA Agentes,Erp,Fiscal,https://documentacao.senior.com.br/sara-agentes/manual-do-usuario/erp/sara-erp-xt/sara-backoffice/fiscal
SARA Agentes,Erp,Marketing Intelligence,https://documentacao.senior.com.br/sara-agentes/manual-do-usuario/erp/sara-erp-xt/sara-backoffice/marketing-intelligence
SARA Agentes,Erp,Producao,https://documentacao.senior.com.br/sara-agentes/manual-do-usuario/erp/sara-erp-senior-x/sara-gestao-industrial/producao
SARA Agentes,Erp,Prompts,https://documentacao.senior.com.br/sara-agentes/manual-do-usuario/erp/sara-erp-senior-x/sara-backoffice/prompts
SARA Agentes,Erp,Prompts,https://documentacao.senior.com.br/sara-agentes/manual-do-usuario/erp/sara-reforma-tributaria/prompts
SARA Agentes,Erp,Recebimento,https://documentacao.senior.com.br/sara-agentes/manual-do-usuario/erp/sara-erp-senior-x/sara-backoffice/recebimento
SARA Agentes,Erp,Sara Backoffice,https://documentacao.senior.com.br/sara-agentes/manual-do-usuario/erp/sara-erp-senior-x/sara-backoffice
SARA Agentes,Erp,Sara Backoffice,https://documentacao.senior.com.br/sara-agentes/manual-do-usuario/erp/sara-erp-xt/sara-backoffice
SARA Agentes,Erp,Sara Compliance Fiscal,https://documentacao.senior.com.br/sara-agentes/manual-do-usuario/erp/sara-erp-senior-x/sara-compliance-fiscal
SARA Agentes,Erp,Sara Erp Senior X,https://documentacao.senior.com.br/sara-agentes/manual-do-usuario/erp/sara-erp-senior-x
SARA Agentes,Erp,Sara Erp Xt,https://documentacao.senior.com.br/sara-agentes/manual-do-usuario/erp/sara-erp-xt
SARA Agentes,Erp,Sara Gestao Industrial,https://documentacao.senior.com.br/sara-agentes/manual-do-usuario/erp/sara-erp-senior-x/sara-gestao-industrial
SARA Agentes,Erp,Sara Manufatura,https://documentacao.senior.com.br/sara-agentes/manual-do-usuario/erp/sara-erp-xt/sara-manufatura
SARA Agentes,Erp,Sara Reforma Tributaria,https://documentacao.senior.com.br/sara-agentes/manual-do-usuario/erp/sara-reforma-tributaria
SARA Agentes,Erp,Vendas,https://documentacao.senior.com.br/sara-agentes/manual-do-usuario/erp/sara-erp-senior-x/sara-backoffice/vendas
SARA Agentes,Erp,Vendas,https://documentacao.senior.com.br/sara-agentes/manual-do-usuario/erp/sara-erp-xt/sara-backoffice/vendas
SARA Agentes,Hcm,Hcm,https://documentacao.senior.com.br/sara-agentes/manual-do-usuario/hcm
SARA Agentes,Hcm,Prompts,https://documentacao.senior.com.br/sara-agentes/manual-do-usuario/hcm/prompts
SARA Agentes,Hcm,Sara Agente De Liderancas,https://documentacao.senior.com.br/sara-agentes/manual-do-usuario/hcm/sara-agente-de-liderancas
SARA Agentes,Logistica,Logistica,https://documentacao.senior.com.br/sara-agentes/manual-do-usuario/logistica
SARA Agentes,Primeiros Passos,Primeiros Passos,https://documentacao.senior.com.br/sara-agentes/manual-do-usuario/primeiros-passos
