Categoria,Título,Caminho,URL Completa
Integrações Referenciadas,Admissao Digital/Assinatura Eletronica,/seniorxplatform/manual-do-usuario/hcm/index.htm#admissao-digital/assinatura-eletronica.htm,https://documentacao.senior.com.br/seniorxplatform/manual-do-usuario/hcm/index.htm#admissao-digital/assinatura-eletronica.htm
Integrações Referenciadas,Assinatura_Eletronica,/gestaoempresarialerp/5.10.4/manuais_processos/receituario_agronomico/processos/receita_agronomica/assinatura_eletronica.htm,https://documentacao.senior.com.br/gestaoempresarialerp/5.10.4/manuais_processos/receituario_agronomico/processos/receita_agronomica/assinatura_eletronica.htm
Integrações Referenciadas,Cadastro?Utm_Source=Portal Documentacao&Utm_Medium=Referral&Utm_Campaign=Rodape,/cadastro.htm?utm_source=portal-documentacao&utm_medium=referral&utm_campaign=rodape,https://documentacao.senior.com.br/cadastro.htm?utm_source=portal-documentacao&utm_medium=referral&utm_campaign=rodape
Integrações Referenciadas,Cadastro?Utm_Source=Portal Documentacao&Utm_Medium=Referral&Utm_Campaign=Toolbar,/cadastro.htm?utm_source=portal-documentacao&utm_medium=referral&utm_campaign=toolbar,https://documentacao.senior.com.br/cadastro.htm?utm_source=portal-documentacao&utm_medium=referral&utm_campaign=toolbar
Integrações Referenciadas,Contrato De Empreiteiros,/erp-mega/manual-do-usuario/engenharia/contrato-de-empreiteiros/contrato-de-empreiteiros/,https://documentacao.senior.com.br/erp-mega/manual-do-usuario/engenharia/contrato-de-empreiteiros/contrato-de-empreiteiros/
Integrações Referenciadas,Contratos Vendas,/seniorxplatform/manual-do-usuario/erp/contratos/contratos-vendas.htm,https://documentacao.senior.com.br/seniorxplatform/manual-do-usuario/erp/contratos/contratos-vendas.htm
Integrações Referenciadas,Documentacao.Senior.Com.Br,/,https://documentacao.senior.com.br/
Integrações Referenciadas,Es,/es,https://documentacao.senior.com.br/es
Integrações Referenciadas,Exigenciaslegais,/exigenciaslegais/,https://documentacao.senior.com.br/exigenciaslegais/
Integrações Referenciadas,Forum De Produtos Senior?Utm_Source=Portal Documentacao&Utm_Medium=Referral&Utm_Campaign=Rodape,/forum-de-produtos-senior.htm?utm_source=portal-documentacao&utm_medium=referral&utm_campaign=rodape,https://documentacao.senior.com.br/forum-de-produtos-senior.htm?utm_source=portal-documentacao&utm_medium=referral&utm_campaign=rodape
Integrações Referenciadas,Gestao Agro,/seniorxplatform/manual-do-usuario/gestao-agro/,https://documentacao.senior.com.br/seniorxplatform/manual-do-usuario/gestao-agro/
Integrações Referenciadas,Home En,/home-en.htm,https://documentacao.senior.com.br/home-en.htm
Integrações Referenciadas,Home Gestao De Terceiros,/seniorxplatform/manual-do-usuario/ronda/home-gestao-de-terceiros.htm,https://documentacao.senior.com.br/seniorxplatform/manual-do-usuario/ronda/home-gestao-de-terceiros.htm
Integrações Referenciadas,Medicina Ocupacional,/gestao-de-pessoas-hcm/6.10.4/manual-processos/qualidade-de-vida/medicina-ocupacional/medicina-ocupacional.htm,https://documentacao.senior.com.br/gestao-de-pessoas-hcm/6.10.4/manual-processos/qualidade-de-vida/medicina-ocupacional/medicina-ocupacional.htm
Integrações Referenciadas,Painel Gestao/Assinatura Eletronica De Ferias,/seniorxplatform/manual-do-usuario/hcm/index.htm#painel-gestao/assinatura-eletronica-de-ferias.htm,https://documentacao.senior.com.br/seniorxplatform/manual-do-usuario/hcm/index.htm#painel-gestao/assinatura-eletronica-de-ferias.htm
Integrações Referenciadas,Pedido Compra,/seniorxplatform/manual-do-usuario/erp/suprimentos/compras/pedido-compra.htm,https://documentacao.senior.com.br/seniorxplatform/manual-do-usuario/erp/suprimentos/compras/pedido-compra.htm
Integrações Referenciadas,Produtor Rural/Portal/Ofertas,/seniorxplatform/manual-do-usuario/gestao-agro/#produtor-rural/portal/ofertas.htm,https://documentacao.senior.com.br/seniorxplatform/manual-do-usuario/gestao-agro/#produtor-rural/portal/ofertas.htm
Integrações Referenciadas,Sistema,/seniorxplatform/manual-do-usuario/crmx/definicoes-gerais/configuracoes/sistema/,https://documentacao.senior.com.br/seniorxplatform/manual-do-usuario/crmx/definicoes-gerais/configuracoes/sistema/
Integrações Referenciadas,Vendas,/seniorxplatform/manual-do-usuario/erp/mercado/vendas/vendas.htm,https://documentacao.senior.com.br/seniorxplatform/manual-do-usuario/erp/mercado/vendas/vendas.htm
Página Principal,LGPD,/lgpd.htm,https://documentacao.senior.com.br/senior-flow/manual-do-usuario/lgpd.htm
Página Principal,Mapa de Integrações - Senior Flow,/mapa-de-integracoes.htm,https://documentacao.senior.com.br/senior-flow/manual-do-usuario/mapa-de-integracoes.htm
Página Principal,Senior Flow,/conceito-senior-flow.htm,https://documentacao.senior.com.br/senior-flow/manual-do-usuario/conceito-senior-flow.htm
Página Principal,Senior Flow - Manual do Usuário,/home.htm,https://documentacao.senior.com.br/senior-flow/manual-do-usuario/home.htm
Página Principal,Trial,/free-trial.htm,https://documentacao.senior.com.br/senior-flow/manual-do-usuario/free-trial.htm
